#,Season,Team,TG,G,AB,PA,H,1B,2B,3B,HR,R,RBI,BB,IBB,SO,HBP,SF,SH,GDP,SB,CS,AVG,PA,BB%,K%,BB/K,AVG,OBP,SLG,OPS,ISO,Spd,BABIP,UBR,wGDP,XBR,wSB,wRC,wRAA,wOBA,wRC+,BABIP,GB/FB,LD%,GB%,FB%,IFFB%,HR/FB,IFH,IFH%,BUH,BUH%,Pull%,Cent%,Oppo%,Soft%,Med%,Hard%,WPA,-WPA,+WPA,RE24,REW,pLI,phLI,PH,WPA/LI,Clutch,PA,BB%+,K%+,AVG+,OBP+,SLG+,wRC+,ISO+,BABIP+,LD%+,GB%+,FB%+,Pull%+,Cent%+,Oppo%+,PA,Events,EV,EV90,maxEV,LA,Barrels,Barrel%,HardHit,HardHit%,AVG,xBA,SLG,xSLG,wOBA,xwOBA,O-Swing%,Z-Swing%,Swing%,O-Contact%,Z-Contact%,Contact%,Zone%,Pace
1,2025,BOS,35,47,96,108,19,15,3,0,1,6,6,10,0,30,1,0,1,4,1,0,0.198,108,9.3%,27.8%,0.33,0.198,0.280,0.260,0.541,0.063,2.6,0.277,,,,0.0,7,-5.5,0.249,54,0.277,0.96,21.5%,38.5%,40.0%,19.2%,3.8%,0,0.0%,0,0.0%,31.3%,34.3%,34.3%,19.4%,64.2%,16.4%,-0.64,-2.43,1.78,-7.07,-0.74,1.19,2.47,6,-0.67,0.13,108,112,123,81,90,64,54,39,96,110,93,102,76,99,143,108,67,87.5,103.1,108.9,19.6,3,4.5%,26,38.8%,0.198,0.195,0.260,0.282,0.249,0.255,26.9%,61.8%,45.5%,50.9%,78.4%,70.8%,53.3%,20.4
2,2025,CLE,45,54,90,99,16,9,4,0,3,10,8,9,1,24,0,0,0,3,0,1,0.178,99,9.1%,24.2%,0.38,0.178,0.253,0.322,0.575,0.144,2.2,0.206,,,,-0.5,7,-4.9,0.251,60,0.206,1.85,12.3%,56.9%,30.8%,15.0%,15.0%,3,8.1%,0,0.0%,37.9%,31.8%,30.3%,24.2%,45.5%,30.3%,-0.86,-2.57,1.71,-2.56,-0.27,1.12,2.34,5,-0.44,-0.32,99,110,108,73,81,79,60,89,72,63,138,78,92,92,126,99,66,87.2,104.0,110.8,4.9,3,4.5%,24,36.4%,0.178,0.200,0.322,0.308,0.251,0.257,30.3%,66.2%,49.5%,44.6%,84.4%,73.1%,53.5%,17.6
3,2025,DET,15,124,290,328,60,40,14,0,6,29,29,29,4,88,5,0,4,3,2,1,0.207,328,8.8%,26.8%,0.33,0.207,0.290,0.317,0.607,0.110,2.5,0.276,,,,-0.5,27,-12.0,0.269,69,0.276,1.08,23.4%,39.8%,36.8%,9.5%,8.1%,5,6.3%,1,20.0%,40.3%,40.3%,19.4%,16.5%,55.3%,28.2%,-1.47,-7.56,6.09,-7.59,-0.87,1.25,1.11,9,-0.79,-0.38,328,107,119,85,93,78,69,68,96,120,97,94,98,116,81,328,206,88.5,104.2,112.8,15.7,11,5.3%,73,35.4%,0.207,0.227,0.317,0.369,0.269,0.296,33.1%,66.3%,49.1%,57.6%,82.7%,73.9%,48.2%,19.2
4,2025,NYY,66,106,235,261,59,41,12,0,6,28,27,20,3,66,3,3,0,3,1,0,0.251,261,7.7%,25.3%,0.30,0.251,0.314,0.379,0.693,0.128,2.6,0.319,,,,-0.2,28,-2.5,0.300,93,0.319,0.90,19.9%,38.0%,42.1%,12.5%,8.3%,3,4.6%,0,0.0%,50.6%,31.4%,18.0%,11.6%,58.7%,29.7%,-0.38,-4.71,4.32,-1.13,-0.12,1.00,0.65,6,-0.05,-0.34,261,93,112,103,100,93,93,79,111,102,92,107,122,91,75,261,172,91.4,107.5,116.3,17.5,18,10.5%,78,45.3%,0.251,0.237,0.379,0.398,0.300,0.307,29.5%,63.9%,47.6%,49.3%,82.0%,72.4%,52.7%,19.3
5,2025,SEA,17,185,409,467,88,55,12,1,20,49,47,48,4,129,6,3,1,11,7,2,0.215,467,10.3%,27.6%,0.37,0.215,0.305,0.396,0.701,0.181,3.7,0.259,,,,-0.1,52,-3.0,0.304,101,0.259,0.86,17.7%,37.9%,44.3%,13.6%,16.0%,4,3.7%,1,50.0%,40.5%,37.7%,21.8%,18.3%,48.2%,33.5%,-0.25,-8.29,8.04,-1.94,-0.24,0.99,0.94,11,0.12,-0.38,467,124,123,88,97,98,101,112,90,91,92,113,98,109,91,467,284,90.0,106.1,113.7,16.9,30,10.6%,122,43.0%,0.215,0.216,0.396,0.392,0.304,0.304,31.2%,66.1%,48.1%,53.0%,79.9%,70.9%,48.3%,19.2
6,2025,TOR,44,296,667,750,190,124,36,2,28,105,99,61,8,128,11,6,5,11,3,2,0.285,750,8.1%,17.1%,0.48,0.285,0.352,0.471,0.822,0.186,3.3,0.313,,,,-1.5,113,23.9,0.352,128,0.313,1.14,22.8%,41.1%,36.1%,9.2%,14.3%,14,6.3%,0,0.0%,40.2%,33.6%,26.2%,18.9%,53.1%,28.0%,0.00,-13.12,13.12,24.11,2.62,0.99,0.87,9,1.83,-1.83,750,98,76,117,112,116,128,115,109,117,100,92,97,97,109,750,550,88.4,105.2,116.0,11.3,46,8.4%,210,38.2%,0.285,0.275,0.471,0.440,0.352,0.343,32.6%,67.3%,50.8%,63.2%,86.2%,79.2%,52.5%,19.7
7,2025,CHC,47,120,249,277,55,37,6,0,12,23,22,21,2,81,3,1,3,4,3,3,0.221,277,7.6%,29.2%,0.26,0.221,0.288,0.390,0.678,0.169,2.0,0.274,,,,-1.0,28,-4.5,0.294,88,0.274,0.73,23.4%,32.3%,44.3%,12.2%,16.2%,3,5.6%,0,0.0%,39.0%,36.0%,25.0%,12.2%,58.1%,29.7%,-0.69,-3.73,3.04,-10.45,-1.08,0.72,0.78,4,-1.10,0.14,277,89,134,89,91,97,88,109,94,117,76,117,96,103,103,277,172,89.4,105.8,117.3,17.5,18,10.5%,69,40.1%,0.221,0.227,0.390,0.418,0.294,0.307,30.6%,65.3%,48.1%,53.7%,82.1%,73.1%,50.5%,20.2
8,2025,CIN,4,33,67,79,13,11,2,0,0,9,9,10,0,25,1,1,0,0,1,0,0.194,79,12.7%,31.6%,0.40,0.194,0.304,0.224,0.528,0.030,4.2,0.302,,,,0.1,5,-4.0,0.251,54,0.302,2.00,16.3%,55.8%,27.9%,8.3%,0.0%,1,4.2%,0,0.0%,48.8%,25.6%,25.6%,16.3%,44.2%,39.5%,-0.37,-1.11,0.74,0.00,0.00,0.75,0.39,2,-0.19,-0.30,79,148,145,79,96,56,54,19,103,82,132,74,120,73,106,79,43,86.6,103.6,108.1,5.3,1,2.3%,16,37.2%,0.194,0.195,0.224,0.245,0.251,0.260,33.3%,56.7%,44.3%,50.8%,79.8%,68.2%,47.0%,20.0
9,2025,LAD,122,256,605,692,141,89,26,2,24,72,68,68,15,165,11,3,5,9,3,1,0.233,692,9.8%,23.8%,0.41,0.233,0.320,0.402,0.722,0.169,3.0,0.279,,,,-0.8,80,-1.4,0.309,99,0.279,0.98,20.6%,39.4%,40.0%,10.7%,13.6%,12,6.9%,1,16.7%,45.3%,31.0%,23.7%,15.4%,48.9%,35.7%,-0.53,-12.87,12.34,-7.67,-0.79,1.09,1.56,12,0.38,-0.87,692,115,109,94,101,100,99,109,95,103,93,106,111,88,98,692,448,90.1,104.6,117.7,16.6,50,11.2%,194,43.3%,0.233,0.243,0.402,0.429,0.309,0.326,29.2%,65.3%,48.0%,52.3%,83.7%,74.4%,51.9%,19.6
10,2025,MIL,31,146,279,312,54,34,11,1,8,26,25,29,0,75,1,2,1,6,6,1,0.194,312,9.3%,24.0%,0.39,0.194,0.270,0.326,0.596,0.133,4.4,0.232,,,,0.4,25,-12.2,0.265,68,0.232,1.41,19.6%,47.1%,33.3%,11.8%,11.8%,6,6.3%,0,0.0%,44.0%,31.9%,24.2%,12.1%,56.5%,31.4%,-1.58,-5.56,3.98,-12.70,-1.31,0.97,1.49,10,-1.20,-0.44,312,109,110,78,85,81,68,85,79,98,111,88,108,91,100,312,207,90.5,105.6,111.5,10.5,16,7.7%,95,45.9%,0.194,0.240,0.326,0.375,0.265,0.304,29.6%,62.1%,46.7%,49.1%,84.4%,73.8%,52.5%,18.0
11,2025,PHI,38,65,137,158,29,17,7,2,3,15,14,17,2,38,1,2,1,1,4,1,0.212,158,10.8%,24.1%,0.45,0.212,0.299,0.358,0.657,0.146,6.2,0.265,,,,0.2,15,-3.6,0.285,80,0.265,1.48,22.2%,46.5%,31.3%,6.5%,9.7%,2,4.3%,0,0.0%,42.2%,37.3%,20.6%,11.8%,58.8%,29.4%,-1.20,-3.78,2.58,-4.40,-0.44,1.24,2.86,6,-0.51,-0.46,158,126,110,86,94,89,80,94,91,112,110,83,104,106,85,158,102,89.6,105.1,117.2,11.0,8,7.8%,43,42.2%,0.212,0.242,0.358,0.376,0.285,0.307,31.9%,66.0%,49.4%,45.7%,79.1%,68.7%,51.4%,19.3
12,2025,SDP,28,47,95,105,18,11,5,0,2,5,5,5,0,20,2,1,2,1,3,0,0.189,105,4.8%,19.0%,0.25,0.189,0.243,0.305,0.548,0.116,4.0,0.216,,,,0.5,6,-5.9,0.242,58,0.216,0.79,22.4%,34.2%,43.4%,9.1%,6.1%,2,7.7%,0,0.0%,41.0%,46.2%,12.8%,11.5%,59.0%,29.5%,-0.94,-2.24,1.29,-8.18,-0.85,1.07,1.90,2,-0.75,-0.13,105,56,87,77,77,76,58,75,74,112,81,115,101,132,53,105,78,90.4,105.2,111.2,13.3,6,7.7%,38,48.7%,0.189,0.253,0.305,0.398,0.242,0.307,34.4%,64.7%,50.9%,59.7%,88.5%,79.6%,54.4%,18.2
13,2024,BAL,6,33,66,71,11,8,2,0,1,1,1,4,0,22,1,0,0,0,0,0,0.167,71,5.6%,31.0%,0.18,0.167,0.225,0.242,0.468,0.076,0.1,0.233,,,,-0.1,3,-5.6,0.213,37,0.233,0.76,15.9%,36.4%,47.7%,4.8%,4.8%,1,6.3%,0,0.0%,45.5%,45.5%,9.1%,11.4%,65.9%,22.7%,-1.43,-2.44,1.01,-7.41,-0.80,1.69,2.53,4,-0.63,-0.21,71,69,137,70,73,61,37,49,81,82,88,122,111,129,38,71,44,87.1,101.1,108.6,17.4,5,11.4%,13,29.5%,0.167,0.187,0.242,0.330,0.213,0.255,38.0%,70.8%,52.6%,38.6%,87.1%,67.6%,44.4%,18.3
14,2024,CLE,45,182,345,387,82,55,18,0,9,39,39,35,5,88,3,2,2,5,8,0,0.238,387,9.0%,22.7%,0.40,0.238,0.312,0.368,0.680,0.130,4.1,0.292,,,,0.9,41,-4.4,0.296,94,0.292,1.05,17.6%,42.2%,40.2%,9.7%,8.7%,11,10.2%,0,0.0%,43.3%,32.2%,24.5%,16.5%,57.5%,26.1%,-0.15,-7.52,7.36,-4.30,-0.45,1.12,1.39,20,-0.34,0.21,387,111,101,99,101,93,94,84,102,90,102,103,106,92,102,387,261,88.2,103.3,109.9,13.6,13,5.0%,88,33.7%,0.238,0.215,0.368,0.349,0.296,0.279,34.7%,67.2%,50.5%,55.0%,85.3%,74.7%,48.8%,19.3
15,2024,DET,15,119,228,264,51,33,15,0,3,21,20,31,2,81,3,2,0,5,4,1,0.224,264,11.7%,30.7%,0.38,0.224,0.322,0.329,0.651,0.105,3.1,0.329,,,,-0.1,27,-4.1,0.291,88,0.329,0.85,25.0%,34.5%,40.5%,13.3%,5.0%,3,5.9%,0,0.0%,34.9%,34.9%,30.2%,20.1%,56.4%,23.5%,-0.03,-4.76,4.73,-8.71,-0.92,1.08,1.36,17,-0.75,0.73,264,145,136,93,104,83,88,68,115,128,83,104,86,99,125,264,149,88.9,103.4,110.8,17.0,8,5.4%,51,34.2%,0.224,0.209,0.329,0.321,0.291,0.284,27.7%,68.9%,47.9%,47.4%,78.0%,68.9%,49.0%,18.8
16,2024,KCR,22,95,199,216,46,39,4,1,2,15,15,13,0,48,3,1,0,3,5,3,0.231,216,6.0%,22.2%,0.27,0.231,0.287,0.291,0.578,0.060,4.1,0.293,,,,-0.6,17,-8.7,0.260,64,0.293,1.05,20.4%,40.8%,38.8%,10.2%,3.4%,5,8.1%,0,0.0%,42.8%,35.5%,21.7%,11.8%,52.6%,35.5%,-1.33,-4.66,3.33,-11.86,-1.21,1.11,1.37,5,-1.10,-0.10,216,74,98,96,93,74,64,39,103,105,98,99,105,101,90,216,152,92.7,106.4,114.7,13.3,12,7.9%,73,48.0%,0.231,0.248,0.291,0.387,0.260,0.304,34.0%,66.2%,50.2%,61.7%,87.8%,79.0%,50.3%,19.8
17,2024,NYY,66,218,465,554,106,64,20,0,22,67,63,76,7,121,6,5,2,11,15,2,0.228,554,13.7%,21.8%,0.63,0.228,0.341,0.413,0.753,0.185,4.2,0.257,,,,1.1,73,7.9,0.327,116,0.257,1.12,20.9%,41.8%,37.2%,12.3%,16.9%,7,4.8%,0,0.0%,37.9%,35.9%,26.2%,12.0%,51.9%,36.2%,1.34,-10.45,11.79,5.42,0.58,1.15,2.66,3,1.27,-0.10,554,169,97,95,110,105,116,119,90,107,101,95,93,102,109,554,351,92.2,107.9,119.5,13.3,41,11.7%,173,49.3%,0.228,0.263,0.413,0.481,0.327,0.369,24.2%,60.6%,42.2%,53.3%,83.5%,74.7%,49.5%,18.7
18,2024,ATL,47,29,66,68,13,9,2,0,2,4,4,1,0,23,0,1,0,0,1,0,0.197,68,1.5%,33.8%,0.04,0.197,0.206,0.318,0.524,0.121,3.3,0.262,,,,0.1,3,-4.7,0.224,42,0.262,0.83,25.0%,34.1%,40.9%,11.1%,11.1%,0,0.0%,0,0.0%,54.5%,18.2%,27.3%,6.8%,63.6%,29.5%,-0.56,-1.12,0.56,-4.23,-0.46,0.82,1.35,1,-0.55,-0.13,68,18,150,80,65,79,42,77,89,126,79,110,135,52,112,68,44,90.3,105.3,109.3,17.1,4,9.1%,17,38.6%,0.197,0.237,0.318,0.439,0.224,0.289,41.9%,65.6%,53.3%,54.4%,86.6%,73.4%,47.9%,19.2
19,2024,HOU,105,35,62,71,12,11,1,0,0,3,3,5,0,15,2,1,1,3,1,0,0.194,71,7.0%,21.1%,0.33,0.194,0.271,0.210,0.481,0.016,3.1,0.250,,,,0.1,4,-4.8,0.226,45,0.250,1.77,23.4%,48.9%,27.7%,0.0%,0.0%,1,4.3%,1,50.0%,49.0%,28.6%,22.4%,10.2%,53.1%,36.7%,-0.47,-1.70,1.23,-5.59,-0.59,1.47,1.62,4,-0.55,0.23,71,87,94,81,88,53,45,10,88,120,118,71,120,81,93,71,49,90.0,102.8,114.3,7.5,3,6.1%,20,40.8%,0.194,0.266,0.210,0.416,0.226,0.329,29.9%,67.4%,49.3%,55.0%,93.8%,82.5%,51.8%,18.1
20,2024,LAD,122,251,531,625,126,82,15,2,27,95,91,74,3,123,7,7,5,5,14,3,0.237,625,11.8%,19.7%,0.60,0.237,0.334,0.426,0.760,0.188,5.3,0.255,,,,0.3,83,10.4,0.331,113,0.255,0.89,20.1%,37.6%,42.2%,13.8%,15.5%,14,9.0%,1,12.5%,39.5%,36.4%,24.0%,17.1%,51.7%,31.2%,2.49,-8.18,10.68,28.72,3.09,0.85,0.05,2,2.28,0.65,625,144,87,96,106,105,113,120,86,102,87,113,98,103,99,625,421,89.0,105.4,117.8,16.7,46,10.9%,164,39.0%,0.237,0.261,0.426,0.480,0.331,0.363,26.1%,65.2%,45.0%,55.4%,84.3%,75.6%,48.4%,19.6
21,2024,MIL,31,46,99,106,26,16,5,0,5,11,11,5,0,21,1,1,0,3,5,1,0.263,106,4.7%,19.8%,0.24,0.263,0.302,0.465,0.767,0.202,4.5,0.284,,,,0.4,14,1.5,0.328,112,0.284,1.50,17.7%,49.4%,32.9%,19.2%,19.2%,3,7.7%,0,0.0%,40.5%,31.6%,27.8%,19.0%,51.9%,29.1%,0.29,-2.27,2.56,-1.97,-0.20,1.15,1.51,1,-0.05,0.30,106,57,88,106,96,115,112,129,96,90,115,88,100,90,114,106,79,88.8,106.8,112.2,12.8,6,7.6%,27,34.2%,0.263,0.260,0.465,0.421,0.328,0.318,31.7%,67.8%,49.3%,66.7%,86.5%,80.0%,48.8%,19.5
22,2024,NYM,31,203,435,510,108,79,13,3,13,64,64,56,3,116,12,7,0,8,6,0,0.248,510,11.0%,22.7%,0.48,0.248,0.345,0.382,0.727,0.133,5.1,0.304,,,,0.1,64,4.4,0.321,109,0.304,0.88,24.8%,35.3%,39.9%,10.0%,10.0%,12,10.4%,0,0.0%,36.9%,38.5%,24.6%,14.5%,50.5%,35.1%,1.86,-7.23,9.09,9.33,0.99,0.88,0.90,9,0.76,1.37,510,133,101,101,109,94,109,85,103,126,82,107,91,109,101,510,326,89.7,106.1,113.9,16.1,33,10.1%,138,42.3%,0.248,0.262,0.382,0.425,0.321,0.350,31.2%,66.9%,48.5%,50.3%,83.9%,72.8%,48.6%,19.2
23,2024,PHI,38,66,129,149,24,16,4,1,3,12,11,16,0,38,4,0,0,1,3,1,0.186,149,10.7%,25.5%,0.42,0.186,0.295,0.302,0.598,0.116,4.9,0.239,,,,-0.1,13,-4.4,0.274,73,0.239,1.05,14.3%,44.0%,41.8%,13.2%,7.9%,3,7.5%,0,0.0%,47.3%,27.5%,25.3%,19.8%,46.2%,34.1%,0.05,-2.72,2.77,-4.84,-0.53,1.03,0.98,7,-0.25,0.30,149,130,113,75,94,75,73,74,81,72,102,112,117,78,104,149,91,89.1,106.8,115.8,12.4,9,9.9%,33,36.3%,0.186,0.201,0.302,0.370,0.274,0.304,33.1%,63.8%,47.2%,48.1%,83.5%,70.1%,45.8%,19.4
24,2024,SDP,28,103,227,245,51,30,8,2,11,30,30,14,1,43,2,2,0,5,0,0,0.225,245,5.7%,17.6%,0.33,0.225,0.273,0.423,0.696,0.198,3.2,0.229,,,,-0.4,26,-2.4,0.298,94,0.229,0.92,13.6%,41.3%,45.1%,10.8%,13.3%,7,9.2%,1,50.0%,45.2%,35.5%,19.4%,16.1%,46.8%,37.1%,0.07,-3.17,3.24,2.01,0.21,0.75,1.04,3,0.25,-0.16,245,69,78,91,87,105,94,126,77,69,96,121,112,101,79,245,186,90.2,105.0,118.9,15.4,23,12.4%,78,41.9%,0.225,0.263,0.423,0.474,0.298,0.339,31.2%,67.4%,49.0%,60.1%,87.7%,78.7%,49.1%,18.6
25,2023,BAL,6,52,103,113,25,16,6,0,3,11,11,9,0,23,0,1,0,2,0,1,0.243,113,8.0%,20.4%,0.39,0.243,0.301,0.388,0.689,0.146,1.7,0.282,,,,-0.6,12,-1.8,0.300,93,0.282,1.10,22.2%,40.7%,37.0%,16.7%,10.0%,3,9.1%,0,0.0%,40.7%,35.8%,23.5%,19.8%,49.4%,30.9%,-0.68,-2.02,1.34,-2.69,-0.25,0.88,1.04,5,-0.35,-0.43,113,95,88,98,95,94,93,88,95,112,97,98,99,104,97,113,81,90.1,106.2,110.8,14.5,10,12.3%,34,42.0%,0.243,0.285,0.388,0.510,0.300,0.364,28.5%,69.4%,50.5%,61.4%,84.5%,78.4%,53.7%,19.9
26,2023,MIN,12,97,184,217,37,23,7,0,7,18,17,27,0,73,5,0,1,6,1,0,0.201,217,12.4%,33.6%,0.37,0.201,0.319,0.353,0.673,0.152,2.0,0.288,,,,-0.2,24,-2.8,0.303,90,0.288,1.25,16.7%,46.3%,37.0%,12.5%,17.5%,3,6.0%,0,0.0%,57.1%,24.1%,18.8%,12.5%,45.5%,42.0%,-0.81,-3.38,2.57,-8.14,-0.83,0.78,0.98,9,-0.44,-0.60,217,149,145,81,101,86,90,92,97,84,110,98,139,70,77,217,112,92.1,105.7,111.1,13.2,9,8.0%,58,51.8%,0.201,0.210,0.353,0.347,0.303,0.305,28.6%,63.7%,45.0%,43.9%,79.7%,67.5%,46.6%,20.2
27,2023,TBR,34,31,65,68,14,12,2,0,0,1,1,1,0,18,0,0,1,2,0,0,0.215,68,1.5%,26.5%,0.06,0.215,0.227,0.246,0.473,0.031,0.1,0.298,,,,-0.1,2,-6.2,0.209,32,0.298,1.33,23.9%,43.5%,32.6%,13.3%,0.0%,1,5.0%,0,0.0%,39.6%,39.6%,20.8%,10.4%,62.5%,27.1%,-0.62,-0.95,0.33,-7.42,-0.80,0.65,0.25,4,-0.57,-0.39,68,18,114,87,72,60,32,19,101,120,103,86,96,115,86,68,49,88.1,104.3,108.1,12.7,1,2.0%,14,28.6%,0.215,0.210,0.246,0.292,0.209,0.224,31.8%,70.5%,51.0%,42.9%,86.8%,72.9%,49.4%,20.6
28,2023,TEX,25,245,600,675,151,89,29,3,30,97,91,66,3,148,7,2,0,11,10,0,0.252,675,9.8%,21.9%,0.45,0.252,0.332,0.460,0.792,0.208,5.3,0.285,,,,0.8,94,12.2,0.340,118,0.285,0.91,16.6%,39.7%,43.7%,11.6%,15.2%,13,7.2%,0,0.0%,40.1%,35.7%,24.2%,16.3%,44.1%,39.6%,2.00,-9.30,11.30,17.94,1.85,0.81,0.01,2,1.10,1.36,675,117,95,102,105,112,118,126,96,83,94,115,97,103,100,675,454,89.9,105.9,116.0,15.6,58,12.8%,191,42.1%,0.252,0.255,0.460,0.472,0.340,0.346,28.3%,67.3%,47.2%,54.3%,86.0%,76.3%,48.7%,19.3
29,2023,TOR,44,32,66,73,15,14,1,0,0,1,1,5,0,19,1,0,1,1,0,0,0.227,73,6.8%,26.0%,0.26,0.227,0.292,0.242,0.534,0.015,0.1,0.319,,,,-0.2,4,-4.5,0.247,54,0.319,0.76,21.3%,34.0%,44.7%,9.5%,0.0%,4,25.0%,0,0.0%,31.3%,29.2%,39.6%,22.9%,41.7%,35.4%,-1.00,-1.83,0.82,-8.02,-0.82,1.22,2.10,2,-0.54,-0.28,73,82,112,92,92,59,54,9,108,107,81,118,76,85,163,73,48,87.3,104.0,111.8,15.5,3,6.3%,18,37.5%,0.227,0.260,0.242,0.387,0.247,0.313,32.4%,65.0%,51.8%,55.6%,84.9%,77.5%,59.5%,20.4
30,2023,ARI,21,272,575,649,146,98,25,2,21,73,72,56,3,157,3,6,9,10,23,4,0.254,649,8.6%,24.2%,0.36,0.254,0.320,0.414,0.734,0.160,5.2,0.310,,,,1.7,78,-0.8,0.317,97,0.310,1.39,18.8%,47.3%,34.0%,11.9%,14.7%,12,6.0%,2,16.7%,42.7%,36.3%,21.0%,14.1%,52.7%,33.3%,-0.35,-10.32,9.97,-6.39,-0.61,0.89,1.01,13,-0.25,-0.15,649,98,108,102,99,99,97,96,104,93,110,92,104,105,86,649,433,89.7,106.5,115.7,9.7,40,9.2%,178,41.1%,0.254,0.251,0.414,0.407,0.317,0.318,29.3%,63.2%,46.8%,55.0%,85.9%,76.5%,51.5%,19.9
31,2023,ATL,47,64,129,141,24,20,1,0,3,8,7,11,0,34,1,0,0,2,2,1,0.186,141,7.8%,24.1%,0.32,0.186,0.255,0.264,0.519,0.078,2.4,0.228,,,,-0.3,8,-9.6,0.236,45,0.228,1.19,14.7%,46.3%,38.9%,10.8%,8.1%,2,4.5%,0,0.0%,35.8%,38.9%,25.3%,13.7%,57.9%,28.4%,-0.76,-3.01,2.25,-11.24,-1.10,1.10,1.84,7,-0.84,0.15,141,89,108,74,79,63,45,47,77,73,108,105,87,112,104,141,95,90.8,105.3,112.7,12.3,4,4.2%,44,46.3%,0.186,0.220,0.264,0.328,0.236,0.273,37.1%,65.9%,50.7%,59.3%,88.4%,77.1%,47.3%,20.2
32,2023,MIA,7,33,62,64,12,9,3,0,0,2,2,1,0,16,1,0,0,3,0,1,0.194,64,1.6%,25.0%,0.06,0.194,0.219,0.242,0.461,0.048,1.5,0.261,,,,-0.5,2,-6.0,0.205,25,0.261,2.08,13.0%,58.7%,28.3%,15.4%,0.0%,1,3.7%,0,0.0%,54.3%,32.6%,13.0%,17.4%,50.0%,32.6%,-0.75,-1.20,0.44,-7.54,-0.74,0.79,1.38,3,-0.81,-0.14,64,18,112,77,68,58,25,29,88,65,137,76,133,94,54,64,46,87.1,104.8,108.4,7.0,3,6.5%,17,37.0%,0.194,0.195,0.242,0.299,0.205,0.225,32.6%,65.0%,48.2%,52.4%,83.3%,72.5%,48.2%,19.8
33,2023,HOU,105,168,381,426,96,62,12,2,20,53,52,37,2,84,5,2,1,4,4,0,0.252,426,8.7%,19.7%,0.44,0.252,0.325,0.451,0.776,0.199,4.3,0.272,,,,0.0,57,5.5,0.333,113,0.272,0.96,20.2%,39.1%,40.7%,9.1%,16.5%,9,7.8%,1,33.3%,43.3%,34.0%,22.7%,14.7%,50.7%,34.7%,0.15,-6.47,6.62,2.61,0.23,0.87,2.03,8,0.56,-0.39,426,104,85,102,102,110,113,121,92,101,93,107,105,99,93,426,300,89.3,105.7,114.8,15.1,38,12.7%,129,43.0%,0.252,0.277,0.451,0.513,0.333,0.370,31.0%,66.0%,47.9%,62.9%,87.3%,79.1%,48.1%,20.0
34,2023,LAD,122,54,96,105,17,13,2,1,1,6,6,9,0,23,0,0,0,3,0,0,0.177,105,8.6%,21.9%,0.39,0.177,0.248,0.250,0.498,0.073,2.5,0.222,,,,-0.2,5,-8.0,0.227,39,0.222,1.31,17.8%,46.6%,35.6%,0.0%,3.8%,2,5.9%,0,0.0%,47.9%,32.9%,19.2%,4.1%,63.0%,32.9%,-0.82,-1.80,0.98,-7.72,-0.78,0.84,1.77,9,-0.78,-0.20,105,97,98,71,77,60,39,44,75,89,109,96,117,95,79,105,73,88.4,102.8,110.4,9.8,6,8.2%,28,38.4%,0.177,0.221,0.250,0.348,0.227,0.281,31.0%,64.8%,48.3%,56.9%,83.5%,75.1%,51.2%,18.7
35,2023,MIL,31,35,68,79,21,18,2,0,1,5,5,7,0,19,2,1,1,3,1,0,0.309,79,8.9%,24.1%,0.37,0.309,0.385,0.382,0.767,0.074,2.6,0.408,,,,0.0,11,1.4,0.342,115,0.408,1.83,30.6%,44.9%,24.5%,8.3%,8.3%,3,13.6%,1,50.0%,37.3%,41.2%,21.6%,15.7%,62.7%,21.6%,-0.63,-2.16,1.54,-4.49,-0.44,1.41,1.61,2,-0.09,-0.35,79,101,108,124,119,92,115,44,137,152,105,66,91,119,89,79,51,88.3,103.1,108.8,6.9,3,5.9%,17,33.3%,0.309,0.275,0.382,0.387,0.342,0.331,33.8%,65.4%,50.2%,58.0%,81.7%,74.0%,51.8%,19.9
36,2023,PHI,38,190,418,476,105,55,25,1,24,61,58,50,5,120,3,3,1,9,16,3,0.251,476,10.5%,25.2%,0.42,0.251,0.333,0.488,0.821,0.237,4.9,0.292,,,,1.1,69,11.5,0.347,117,0.292,0.88,19.6%,37.5%,42.9%,11.6%,18.6%,6,5.3%,0,0.0%,41.4%,33.1%,25.5%,15.9%,45.4%,38.7%,-0.25,-7.44,7.19,2.09,0.21,0.80,0.65,7,1.25,-1.57,476,119,113,100,103,117,117,142,98,98,87,116,101,96,105,476,303,90.8,108.2,117.1,14.7,45,14.9%,142,46.9%,0.251,0.259,0.488,0.511,0.347,0.362,30.9%,67.2%,48.0%,48.5%,81.3%,70.1%,46.9%,19.7
37,2022,CLE,45,106,254,271,57,45,7,0,5,17,17,12,0,71,4,1,0,6,4,0,0.224,271,4.4%,26.2%,0.17,0.224,0.269,0.311,0.580,0.087,3.2,0.291,,,,0.5,20,-11.0,0.259,67,0.291,1.48,15.4%,50.5%,34.1%,9.7%,8.1%,6,6.5%,1,50.0%,38.0%,34.8%,27.2%,27.7%,47.3%,25.0%,-1.19,-6.61,5.42,-14.69,-1.57,1.31,1.43,7,-1.23,0.32,271,56,118,93,87,79,67,58,100,78,118,91,95,99,110,271,184,86.6,104.0,111.5,9.5,3,1.6%,42,22.8%,0.224,0.213,0.311,0.284,0.259,0.243,39.8%,67.0%,52.4%,55.8%,83.0%,71.9%,46.3%,23.4
38,2022,NYY,66,131,284,318,49,30,7,0,12,29,29,27,0,103,5,2,0,3,5,2,0.173,318,8.5%,32.4%,0.26,0.173,0.255,0.324,0.579,0.151,3.4,0.216,,,,-0.1,24,-12.8,0.259,66,0.216,1.10,16.4%,43.7%,39.9%,11.0%,16.4%,2,2.5%,0,0.0%,38.3%,39.3%,22.4%,15.8%,53.0%,31.1%,-1.06,-5.67,4.62,-8.56,-0.92,0.94,1.70,4,-0.61,-0.52,318,107,146,71,82,83,66,101,75,83,102,106,95,112,90,318,183,90.5,106.9,113.7,14.8,16,8.7%,64,35.0%,0.173,0.192,0.324,0.370,0.259,0.276,30.6%,62.1%,46.0%,50.7%,79.5%,69.7%,48.8%,24.5
39,2022,SEA,17,79,202,223,45,26,14,1,4,23,22,17,2,59,3,1,0,2,1,1,0.223,223,7.6%,26.5%,0.29,0.223,0.291,0.361,0.653,0.139,3.5,0.293,,,,-0.4,21,-4.3,0.285,91,0.293,1.21,18.8%,44.4%,36.8%,15.1%,7.5%,0,0.0%,0,0.0%,43.1%,28.5%,28.5%,21.5%,47.2%,31.3%,-1.04,-4.71,3.66,-1.59,-0.22,1.16,1.61,2,-0.38,-0.52,223,96,119,92,94,92,91,93,101,95,104,98,107,81,115,223,144,88.1,106.3,115.8,11.5,12,8.3%,54,37.5%,0.223,0.233,0.361,0.340,0.285,0.284,30.4%,69.8%,49.3%,42.0%,83.6%,70.3%,48.1%,26.4
40,2022,TBR,34,34,78,84,9,8,0,0,1,1,1,6,0,29,0,0,0,2,2,1,0.115,84,7.1%,34.5%,0.21,0.115,0.179,0.154,0.332,0.038,2.7,0.167,,,,-0.1,-1,-10.1,0.158,1,0.167,1.05,12.2%,44.9%,42.9%,9.5%,4.8%,1,4.5%,0,0.0%,28.6%,65.3%,6.1%,18.4%,59.2%,22.4%,-1.99,-3.05,1.07,-10.42,-1.11,1.66,2.10,3,-1.09,-0.11,84,90,155,48,58,39,1,26,58,62,105,114,71,187,25,84,49,84.8,102.5,107.5,13.4,3,6.1%,15,30.6%,0.115,0.157,0.154,0.254,0.158,0.213,37.0%,64.8%,50.7%,61.2%,78.9%,72.4%,49.3%,22.0
41,2022,TOR,44,32,70,78,19,12,5,0,2,9,8,4,1,15,3,1,0,2,2,0,0.271,78,5.1%,19.2%,0.27,0.271,0.333,0.429,0.762,0.157,4.8,0.315,,,,0.3,10,1.0,0.328,115,0.315,1.42,17.9%,48.2%,33.9%,15.8%,10.5%,1,3.7%,0,0.0%,33.9%,41.1%,25.0%,17.9%,42.9%,39.3%,-0.30,-1.15,0.85,0.58,0.06,0.76,,0,0.00,-0.38,78,64,87,112,108,109,115,105,109,90,113,90,84,117,101,78,56,88.2,105.7,113.7,12.1,3,5.4%,20,35.7%,0.271,0.244,0.429,0.382,0.328,0.309,42.6%,67.3%,54.6%,58.0%,85.4%,74.4%,48.6%,23.1
42,2022,ATL,47,61,128,140,23,12,6,0,5,13,13,11,0,43,1,0,0,1,1,0,0.180,140,7.9%,30.7%,0.26,0.180,0.250,0.344,0.594,0.164,3.1,0.225,,,,0.1,11,-5.2,0.263,68,0.225,1.24,10.6%,49.4%,40.0%,14.7%,14.7%,3,7.1%,0,0.0%,43.5%,40.0%,16.5%,14.1%,42.4%,43.5%,-0.55,-2.03,1.48,-4.67,-0.48,0.76,0.64,4,-0.78,0.06,140,94,136,74,80,86,68,106,77,53,115,109,107,115,67,140,85,91.5,105.7,112.8,11.7,9,10.6%,43,50.6%,0.180,0.197,0.344,0.354,0.263,0.274,30.4%,64.4%,47.2%,45.1%,84.7%,71.8%,49.4%,24.3
43,2022,HOU,105,196,455,505,106,69,20,0,17,53,52,35,2,118,11,2,2,9,5,2,0.233,505,6.9%,23.4%,0.30,0.233,0.302,0.389,0.691,0.156,3.0,0.276,,,,-0.3,55,-2.3,0.304,99,0.276,0.95,20.4%,38.8%,40.8%,13.0%,12.3%,8,6.1%,0,0.0%,43.1%,34.6%,22.3%,25.2%,49.0%,25.8%,0.36,-9.34,9.70,-4.20,-0.47,1.05,2.19,10,-0.58,0.92,505,87,105,96,98,99,99,105,95,103,91,109,107,99,90,505,341,86.5,103.9,116.7,15.8,23,6.7%,110,32.3%,0.233,0.227,0.389,0.377,0.304,0.299,35.0%,73.1%,53.0%,55.1%,83.3%,73.5%,47.4%,25.1
44,2022,LAD,122,62,132,149,30,15,11,0,4,12,11,14,1,44,1,2,0,1,2,1,0.227,149,9.4%,29.5%,0.32,0.227,0.302,0.402,0.704,0.174,2.7,0.302,,,,-0.1,17,-0.4,0.305,99,0.302,0.48,16.9%,27.0%,56.2%,16.0%,8.0%,1,4.2%,1,100.0%,40.0%,35.6%,24.4%,18.9%,47.8%,33.3%,-0.76,-3.34,2.58,-4.04,-0.45,1.16,1.76,3,-0.04,-0.62,149,112,131,94,96,101,99,112,104,84,63,153,98,103,99,149,90,91.2,104.8,110.8,25.1,8,8.9%,43,47.8%,0.227,0.204,0.402,0.365,0.305,0.290,27.7%,60.5%,44.7%,51.3%,79.5%,71.1%,52.0%,25.1
45,2022,NYM,31,48,92,106,17,11,2,1,3,8,8,11,0,22,2,1,0,2,3,0,0.185,106,10.4%,20.8%,0.50,0.185,0.283,0.326,0.609,0.141,5.9,0.206,,,,0.5,9,-3.0,0.274,79,0.206,0.87,18.3%,38.0%,43.7%,9.7%,9.7%,2,7.4%,0,0.0%,36.6%,28.2%,35.2%,16.9%,46.5%,36.6%,-0.14,-1.29,1.14,-3.10,-0.35,0.67,0.13,3,-0.12,-0.09,106,124,92,76,90,82,79,91,71,91,88,119,90,81,143,106,71,88.3,103.3,110.1,16.4,10,14.1%,27,38.0%,0.185,0.239,0.326,0.425,0.274,0.334,33.0%,64.5%,49.0%,55.7%,85.7%,75.7%,50.6%,27.3
46,2022,PHI,38,262,536,607,113,60,29,0,24,75,74,53,5,165,9,5,4,11,6,1,0.211,607,8.7%,27.2%,0.32,0.211,0.290,0.399,0.689,0.188,3.7,0.253,,,,0.3,65,-4.8,0.299,92,0.253,0.80,19.7%,35.6%,44.7%,10.7%,14.3%,7,5.2%,0,0.0%,42.6%,30.3%,27.1%,17.6%,54.7%,27.6%,0.99,-9.21,10.20,3.51,0.33,0.87,0.75,7,-0.12,1.26,607,104,120,87,92,100,92,122,87,98,83,121,105,87,110,607,380,89.3,105.5,119.7,16.6,36,9.5%,148,38.9%,0.211,0.224,0.399,0.400,0.299,0.307,34.1%,65.5%,49.4%,61.1%,83.2%,75.4%,48.8%,25.8
47,2022,STL,19,33,65,71,12,11,0,0,1,3,3,5,0,15,1,0,0,1,0,0,0.185,71,7.0%,21.1%,0.33,0.185,0.254,0.231,0.484,0.046,0.3,0.224,,,,-0.1,3,-4.8,0.225,44,0.224,1.11,20.0%,42.0%,38.0%,15.8%,5.3%,0,0.0%,0,0.0%,44.0%,32.0%,24.0%,12.0%,42.0%,46.0%,-0.66,-1.67,1.01,-5.12,-0.56,1.16,0.98,2,-0.36,-0.21,71,84,93,76,81,58,44,30,77,100,97,103,108,92,98,71,50,88.7,103.3,112.0,15.1,4,8.0%,22,44.0%,0.185,0.256,0.231,0.439,0.225,0.331,32.5%,63.9%,47.8%,72.0%,84.0%,79.9%,48.8%,24.0
48,2022,SDP,28,163,402,444,90,63,12,0,15,50,49,33,1,125,5,1,3,2,3,2,0.224,444,7.4%,28.2%,0.26,0.224,0.290,0.366,0.656,0.142,2.8,0.285,,,,-0.6,44,-7.0,0.290,89,0.285,1.19,15.6%,45.8%,38.5%,17.9%,14.2%,15,11.9%,0,0.0%,48.4%,24.9%,26.7%,20.3%,48.4%,31.3%,0.34,-7.69,8.03,1.75,0.23,1.01,2.97,3,0.34,0.00,444,89,124,92,93,92,89,91,98,78,106,105,119,72,109,444,281,89.5,106.0,115.3,11.5,29,10.3%,116,41.3%,0.224,0.217,0.366,0.375,0.290,0.291,27.8%,62.6%,45.7%,51.3%,82.1%,73.0%,51.5%,24.6
49,2021,BOS,35,180,390,433,105,64,17,2,22,60,59,37,0,89,2,1,3,13,3,1,0.269,433,8.5%,20.6%,0.42,0.269,0.335,0.492,0.827,0.223,3.9,0.296,,,,-0.2,66,13.5,0.353,119,0.296,0.95,14.3%,41.9%,43.9%,14.4%,16.7%,6,4.8%,0,0.0%,40.0%,35.1%,24.9%,15.4%,51.8%,32.8%,0.16,-6.93,7.08,6.81,0.71,0.87,1.48,10,0.52,-0.34,433,101,90,109,106,118,119,131,102,70,99,118,99,101,100,433,305,91.9,107.4,115.6,15.4,37,12.1%,141,46.2%,0.269,0.250,0.492,0.475,0.353,0.340,29.8%,69.4%,48.7%,54.8%,87.5%,77.1%,47.7%,26.2
50,2021,CHW,7,63,141,158,41,35,3,0,3,18,18,12,0,39,4,1,0,5,0,1,0.291,158,7.6%,24.7%,0.31,0.291,0.361,0.376,0.737,0.085,1.8,0.380,,,,-0.6,21,1.7,0.327,107,0.380,2.50,25.2%,53.4%,21.4%,0.0%,13.6%,5,9.1%,0,0.0%,35.0%,41.7%,23.3%,17.5%,62.1%,20.4%,0.34,-1.91,2.25,0.26,0.02,0.75,0.83,2,0.27,0.19,158,90,108,118,114,90,107,50,130,123,126,58,87,120,93,158,103,86.4,103.8,111.1,3.4,3,2.9%,29,28.2%,0.291,0.253,0.376,0.342,0.327,0.300,28.7%,68.8%,47.7%,48.7%,81.8%,71.4%,47.5%,25.7
51,2021,NYY,66,16,32,32,6,4,0,0,2,2,2,0,0,11,0,0,0,0,0,0,0.188,32,0.0%,34.4%,0.00,0.188,0.188,0.375,0.563,0.188,0.1,0.211,,,,0.0,2,-2.1,0.235,54,0.211,0.29,14.3%,19.0%,66.7%,0.0%,14.3%,2,50.0%,0,0.0%,38.1%,28.6%,33.3%,23.8%,28.6%,47.6%,-0.32,-0.47,0.14,-3.14,-0.29,0.63,0.65,2,-0.45,-0.06,32,0,150,76,59,90,54,110,72,70,45,180,95,82,133,32,21,92.6,109.5,114.9,20.0,4,19.0%,11,52.4%,0.188,0.202,0.375,0.543,0.235,0.306,30.8%,73.0%,58.4%,33.3%,87.0%,77.3%,65.5%,26.0
52,2021,TBR,34,71,147,158,31,14,10,0,7,20,19,11,1,46,0,0,0,1,2,1,0.211,158,7.0%,29.1%,0.24,0.211,0.266,0.422,0.688,0.211,3.8,0.255,,,,-0.1,16,-3.1,0.291,89,0.255,0.87,14.9%,39.6%,45.5%,4.3%,15.2%,3,7.5%,0,0.0%,36.6%,34.7%,28.7%,14.9%,48.5%,36.6%,-0.44,-3.36,2.93,-0.52,-0.01,1.11,0.73,5,-0.35,-0.05,158,82,127,86,84,101,89,124,88,72,93,123,91,100,115,158,101,89.4,106.2,111.1,12.6,13,12.9%,41,40.6%,0.211,0.223,0.422,0.446,0.291,0.308,33.0%,74.9%,54.6%,49.5%,84.5%,74.3%,51.5%,25.7
53,2021,ATL,47,252,533,588,131,86,20,2,23,65,64,49,5,162,4,2,0,9,6,1,0.246,588,8.3%,27.6%,0.30,0.246,0.313,0.420,0.733,0.174,3.8,0.309,,,,0.3,71,-0.1,0.314,94,0.309,1.02,19.7%,40.5%,39.7%,10.9%,15.6%,10,6.7%,1,33.3%,46.4%,30.0%,23.6%,16.1%,52.8%,31.1%,0.88,-9.35,10.23,-5.60,-0.53,0.91,1.21,28,0.17,0.81,588,91,124,99,96,100,94,102,105,94,95,109,115,86,96,588,373,89.7,106.3,115.8,14.8,39,10.5%,157,42.1%,0.246,0.244,0.420,0.436,0.314,0.321,29.9%,71.5%,50.2%,52.4%,80.9%,72.2%,48.9%,26.3
54,2021,HOU,105,259,546,615,142,103,22,2,15,87,84,55,7,139,7,5,2,12,12,0,0.260,615,8.9%,22.6%,0.40,0.260,0.333,0.390,0.723,0.130,5.5,0.320,,,,1.9,73,-1.2,0.312,98,0.320,1.11,20.6%,41.7%,37.6%,12.9%,9.7%,13,7.6%,0,0.0%,39.6%,34.5%,25.8%,16.2%,57.2%,26.6%,1.05,-8.53,9.57,14.56,1.44,0.84,1.14,18,0.46,0.79,615,106,99,106,105,94,98,77,110,101,98,102,98,99,103,615,414,89.1,104.3,116.3,13.8,28,6.8%,151,36.5%,0.260,0.239,0.390,0.382,0.312,0.304,27.3%,66.2%,45.8%,52.9%,86.2%,75.8%,47.6%,26.7
55,2021,LAD,122,211,401,447,98,67,17,0,14,48,48,38,5,100,3,2,3,7,16,0,0.244,447,8.5%,22.4%,0.38,0.244,0.313,0.392,0.705,0.147,4.8,0.291,,,,2.8,49,-4.7,0.303,90,0.291,1.13,20.9%,42.1%,37.1%,15.2%,12.5%,6,4.7%,0,0.0%,42.5%,37.3%,20.3%,17.0%,52.0%,31.0%,-0.91,-8.77,7.86,-3.49,-0.32,1.09,1.34,32,-0.61,-0.23,447,93,100,98,96,93,90,86,99,100,99,102,106,106,82,447,306,88.9,105.2,112.3,11.9,29,9.5%,128,41.8%,0.244,0.266,0.392,0.453,0.303,0.338,29.6%,67.1%,48.6%,50.8%,86.1%,75.4%,50.5%,26.0
56,2021,MIL,31,64,125,138,24,19,3,0,2,6,6,9,0,48,3,0,1,3,2,0,0.192,138,6.5%,34.8%,0.19,0.192,0.263,0.264,0.527,0.072,2.9,0.293,,,,0.3,8,-8.7,0.240,46,0.293,1.25,28.0%,40.0%,32.0%,4.2%,8.3%,2,6.7%,0,0.0%,37.2%,29.5%,33.3%,23.1%,53.8%,23.1%,-1.31,-3.38,2.07,-12.43,-1.23,1.19,1.40,10,-1.11,0.02,138,71,156,77,81,63,46,42,100,134,94,88,92,84,135,138,78,86.9,104.6,110.7,11.7,3,3.8%,24,30.8%,0.192,0.208,0.264,0.297,0.240,0.260,32.1%,64.1%,48.3%,32.2%,86.4%,68.6%,50.5%,25.3
57,2021,STL,19,14,32,39,5,5,0,0,0,1,0,4,0,10,2,0,1,0,3,0,0.156,39,10.3%,25.6%,0.40,0.156,0.289,0.156,0.446,0.000,4.6,0.227,,,,0.6,2,-3.0,0.226,39,0.227,1.83,22.7%,50.0%,27.3%,16.7%,0.0%,0,0.0%,0,0.0%,47.8%,21.7%,30.4%,26.1%,60.9%,13.0%,-0.54,-1.14,0.60,-3.31,-0.35,1.56,,0,-0.20,-0.15,39,112,115,63,89,37,39,0,77,109,117,75,119,62,123,39,23,81.6,101.4,108.1,5.8,0,0.0%,6,26.1%,0.156,0.171,0.156,0.212,0.226,0.253,33.3%,64.8%,50.0%,65.4%,64.9%,65.1%,53.0%,27.1
58,2021,SFG,10,83,159,166,29,20,4,0,5,10,10,6,0,49,0,1,0,1,0,0,0.182,166,3.6%,29.5%,0.12,0.182,0.211,0.302,0.513,0.119,0.6,0.226,,,,-0.1,7,-12.8,0.221,40,0.226,0.68,19.8%,32.4%,47.7%,11.3%,9.4%,3,8.3%,0,0.0%,30.6%,30.6%,38.7%,20.7%,46.8%,32.4%,-1.27,-2.84,1.57,-10.95,-1.16,0.88,0.81,15,-1.12,-0.33,166,39,132,73,65,72,40,70,77,95,76,131,76,87,157,166,111,87.3,103.4,110.1,20.5,13,11.7%,37,33.3%,0.182,0.208,0.302,0.386,0.221,0.265,27.0%,71.3%,50.9%,62.2%,77.2%,73.5%,53.9%,24.7
59,2020,CHW,7,50,112,119,31,20,6,0,5,11,11,6,0,29,1,0,0,1,1,0,0.277,119,5.0%,24.4%,0.21,0.277,0.319,0.464,0.784,0.188,2.6,0.333,,,,0.1,16,1.6,0.335,113,0.333,1.21,25.3%,41.0%,33.7%,7.1%,17.9%,1,2.9%,0,0.0%,28.9%,39.8%,31.3%,12.0%,59.0%,28.9%,-0.21,-2.12,1.92,-2.23,-0.23,0.99,0.61,2,0.17,-0.38,119,56,103,114,100,112,113,109,114,118,96,94,70,116,129,119,83,90.0,105.4,115.6,14.0,11,13.3%,37,44.6%,0.277,0.281,0.464,0.487,0.335,0.348,31.5%,68.9%,49.7%,60.0%,90.3%,80.4%,48.6%,24.7
60,2020,CLE,45,35,71,80,18,8,9,0,1,12,12,8,0,25,1,0,0,2,0,0,0.254,80,10.0%,31.3%,0.32,0.254,0.338,0.423,0.760,0.169,2.3,0.378,,,,-0.1,11,0.8,0.331,110,0.378,0.89,24.4%,35.6%,40.0%,16.7%,5.6%,1,6.3%,0,0.0%,45.7%,34.8%,19.6%,15.2%,50.0%,34.8%,0.39,-1.49,1.88,1.81,0.17,1.06,2.85,3,-0.12,0.48,80,110,132,104,106,102,110,99,130,114,83,111,111,101,80,80,46,91.3,107.9,108.8,16.6,3,6.5%,20,43.5%,0.254,0.233,0.423,0.362,0.331,0.305,25.0%,67.8%,48.7%,54.3%,80.5%,74.5%,55.4%,24.1
61,2020,MIN,12,34,59,69,7,5,2,0,0,2,2,10,0,14,0,0,0,1,1,1,0.119,69,14.5%,20.3%,0.71,0.119,0.246,0.153,0.399,0.034,1.8,0.156,,,,-0.3,2,-6.9,0.201,25,0.156,0.74,26.7%,31.1%,42.2%,5.3%,0.0%,0,0.0%,0,0.0%,31.1%,26.7%,42.2%,17.8%,66.7%,15.6%,-1.03,-1.88,0.85,-7.79,-0.75,1.33,2.17,2,-0.64,-0.14,69,160,85,49,77,37,25,20,53,124,73,118,75,78,174,69,45,86.2,105.9,114.7,17.3,3,6.7%,13,28.9%,0.119,0.216,0.153,0.302,0.201,0.293,24.5%,64.8%,45.7%,62.9%,81.6%,76.8%,52.6%,25.9
62,2020,NYY,66,104,244,287,64,40,6,1,17,46,46,36,0,72,1,6,0,4,2,0,0.262,287,12.5%,25.1%,0.50,0.262,0.352,0.504,0.856,0.242,4.3,0.292,,,,0.2,46,10.2,0.362,131,0.292,1.18,18.0%,44.4%,37.6%,10.4%,25.4%,9,11.4%,0,0.0%,31.5%,44.4%,24.2%,17.4%,50.6%,32.0%,0.96,-4.49,5.45,13.45,1.28,0.99,1.66,4,1.04,-0.07,287,139,106,108,110,122,131,141,100,84,104,105,76,129,99,287,178,89.2,107.2,118.3,7.3,21,11.8%,76,42.7%,0.262,0.237,0.504,0.488,0.362,0.351,22.9%,62.6%,42.6%,46.6%,84.6%,74.3%,49.6%,24.8
63,2020,OAK,9,110,227,255,54,33,6,0,15,34,32,22,1,54,2,3,0,6,0,0,0.238,255,8.6%,21.2%,0.41,0.238,0.307,0.463,0.770,0.225,1.5,0.242,,,,-0.2,33,1.3,0.326,111,0.242,0.88,17.6%,38.6%,43.8%,11.7%,19.5%,3,4.4%,0,0.0%,35.8%,36.9%,27.3%,15.3%,47.2%,37.5%,1.13,-3.54,4.67,4.07,0.42,0.85,0.90,5,0.17,1.16,255,95,89,98,96,112,111,131,83,82,91,122,87,107,112,255,177,90.2,104.2,114.0,18.1,18,10.2%,75,42.4%,0.238,0.255,0.463,0.490,0.326,0.345,23.3%,63.6%,44.5%,61.3%,86.4%,80.1%,52.6%,23.2
64,2020,TBR,34,324,639,713,135,82,17,2,34,79,77,63,3,220,8,2,1,11,4,5,0.211,713,8.8%,30.9%,0.29,0.211,0.289,0.404,0.693,0.192,2.9,0.261,,,,-1.8,77,-12.4,0.298,93,0.261,1.28,15.5%,47.5%,37.0%,12.3%,21.9%,12,6.0%,2,66.7%,43.6%,34.1%,22.3%,17.5%,46.2%,36.3%,0.18,-12.19,12.37,-6.61,-0.68,0.95,1.32,28,-0.27,0.46,713,98,130,87,91,97,93,112,90,72,111,103,106,99,92,713,422,89.8,105.9,112.6,10.3,44,10.4%,182,43.1%,0.211,0.217,0.404,0.400,0.298,0.304,30.8%,65.6%,47.8%,50.7%,78.6%,69.4%,48.8%,24.3
65,2020,TOR,44,32,64,69,12,8,2,0,2,3,3,3,0,23,1,1,0,1,0,0,0.188,69,4.3%,33.3%,0.13,0.188,0.232,0.313,0.544,0.125,0.1,0.250,,,,0.0,4,-4.8,0.237,41,0.250,1.06,21.4%,40.5%,38.1%,6.3%,12.5%,0,0.0%,0,0.0%,38.1%,40.5%,21.4%,9.5%,38.1%,52.4%,-0.67,-1.19,0.52,-5.86,-0.61,0.83,1.90,2,-0.57,-0.25,69,48,140,77,73,75,41,73,86,100,95,106,92,118,88,69,42,91.3,103.8,106.8,14.6,4,9.5%,20,47.6%,0.188,0.218,0.313,0.389,0.237,0.284,30.1%,66.4%,46.8%,44.2%,80.2%,67.7%,46.0%,24.3
66,2020,ATL,47,188,415,466,99,60,21,2,16,57,56,43,3,127,5,3,0,4,7,0,0.239,466,9.2%,27.3%,0.34,0.239,0.315,0.414,0.730,0.176,5.1,0.302,,,,1.1,56,-2.3,0.314,93,0.302,1.00,22.3%,38.8%,38.8%,10.6%,14.2%,7,6.2%,0,0.0%,40.5%,36.1%,23.4%,15.8%,51.9%,32.3%,-1.98,-8.65,6.67,0.62,0.08,0.90,1.59,8,-0.72,-1.49,466,100,118,97,97,98,93,101,103,103,91,110,100,103,96,466,291,90.8,106.2,111.6,14.8,32,11.0%,139,47.8%,0.239,0.253,0.414,0.460,0.314,0.341,28.6%,75.1%,52.0%,56.8%,76.7%,71.3%,50.4%,23.7
67,2020,CHC,47,30,62,71,9,6,2,0,1,1,1,5,0,16,4,0,0,0,0,0,0.145,71,7.0%,22.5%,0.31,0.145,0.254,0.226,0.479,0.081,0.1,0.178,,,,0.0,3,-5.5,0.228,42,0.178,0.65,17.4%,32.6%,50.0%,8.7%,4.3%,0,0.0%,0,0.0%,19.6%,43.5%,37.0%,19.6%,60.9%,19.6%,-0.91,-1.65,0.74,-8.59,-0.84,1.14,1.00,3,-0.57,-0.24,71,76,98,59,78,54,42,46,61,80,76,141,48,125,151,71,46,85.1,99.4,107.9,23.1,1,2.2%,6,13.0%,0.145,0.117,0.226,0.196,0.228,0.199,18.6%,65.8%,44.7%,72.7%,81.3%,79.7%,55.3%,20.2
68,2020,CIN,4,37,77,83,13,12,1,0,0,0,0,5,1,28,1,0,0,0,1,1,0.169,83,6.0%,33.7%,0.18,0.169,0.229,0.182,0.411,0.013,1.6,0.265,,,,-0.3,1,-9.3,0.187,9,0.265,1.64,24.5%,46.9%,28.6%,14.3%,0.0%,2,8.7%,0,0.0%,49.0%,22.4%,28.6%,14.3%,65.3%,20.4%,-3.29,-4.36,1.07,-12.30,-1.17,1.81,3.87,4,-1.63,-0.18,83,65,146,69,70,43,9,7,91,112,110,81,120,64,117,83,49,86.3,101.0,107.4,8.3,1,2.0%,15,30.6%,0.169,0.207,0.182,0.277,0.187,0.239,37.6%,63.8%,50.0%,56.3%,78.4%,69.6%,47.2%,23.4
69,2020,MIA,7,80,164,182,30,19,7,0,4,12,12,12,1,48,6,0,0,3,3,0,0.183,182,6.6%,26.4%,0.25,0.183,0.264,0.299,0.563,0.116,3.6,0.232,,,,0.5,12,-10.6,0.251,56,0.232,2.10,21.7%,53.0%,25.2%,6.9%,13.8%,2,3.3%,0,0.0%,37.9%,40.5%,21.6%,19.8%,50.9%,29.3%,-0.72,-3.30,2.58,-12.01,-1.19,0.91,0.41,6,-1.10,0.31,182,71,114,74,81,71,56,66,79,100,124,71,93,116,88,182,116,86.7,103.3,110.6,5.8,4,3.4%,34,29.3%,0.183,0.239,0.299,0.358,0.251,0.296,30.1%,68.5%,50.6%,52.5%,79.9%,72.3%,53.4%,24.3
70,2020,HOU,105,190,437,497,118,87,9,0,22,62,61,48,2,95,8,2,1,16,1,3,0.270,497,9.7%,19.1%,0.51,0.270,0.352,0.442,0.793,0.172,1.7,0.298,,,,-1.6,72,9.9,0.344,119,0.298,1.23,20.5%,43.9%,35.7%,9.0%,18.0%,11,7.3%,0,0.0%,41.7%,36.2%,22.0%,17.1%,49.6%,33.3%,1.01,-9.29,10.30,4.78,0.52,1.07,1.38,8,1.48,-0.54,497,107,80,111,110,107,119,100,102,95,103,99,101,105,91,497,346,88.8,104.7,115.8,11.4,32,9.2%,139,40.2%,0.270,0.277,0.442,0.474,0.344,0.362,27.2%,62.9%,44.2%,67.9%,85.2%,79.6%,47.6%,25.1
71,2020,LAD,122,285,602,697,153,88,33,2,30,101,97,83,4,167,7,4,1,8,10,1,0.254,697,11.9%,24.0%,0.50,0.254,0.349,0.465,0.814,0.211,4.7,0.301,,,,1.0,104,17.0,0.349,120,0.301,0.88,20.8%,37.0%,42.2%,7.6%,16.2%,8,4.9%,0,0.0%,41.8%,36.6%,21.6%,9.5%,46.6%,43.9%,2.40,-9.11,11.51,23.08,2.29,0.80,0.83,20,2.36,0.65,697,128,104,103,107,110,120,121,103,95,86,119,103,105,88,697,440,92.0,106.4,113.6,16.2,51,11.6%,226,51.4%,0.254,0.261,0.465,0.510,0.349,0.371,24.8%,62.8%,43.6%,57.3%,82.4%,75.2%,49.5%,25.3
72,2020,MIL,31,33,64,68,11,8,2,0,1,2,2,4,0,28,0,0,0,0,0,0,0.172,68,5.9%,41.2%,0.14,0.172,0.221,0.250,0.471,0.078,0.1,0.286,,,,0.0,2,-6.3,0.210,29,0.286,0.71,19.4%,33.3%,47.2%,5.9%,5.9%,0,0.0%,0,0.0%,33.3%,47.2%,19.4%,13.9%,52.8%,33.3%,-0.85,-1.48,0.63,-6.89,-0.71,0.99,0.84,6,-0.57,-0.28,68,63,178,70,68,59,29,45,98,89,78,133,82,135,80,68,36,90.4,104.3,114.1,17.1,2,5.6%,16,44.4%,0.172,0.175,0.250,0.258,0.210,0.216,32.2%,69.5%,52.3%,38.5%,72.4%,62.8%,53.8%,23.6
73,2020,STL,19,48,107,126,27,16,8,0,3,16,16,12,0,27,4,3,0,0,1,0,0.252,126,9.5%,21.4%,0.44,0.252,0.341,0.411,0.752,0.159,3.6,0.300,,,,0.1,17,0.8,0.327,108,0.300,1.30,16.9%,47.0%,36.1%,3.3%,10.0%,0,0.0%,0,0.0%,33.7%,43.4%,22.9%,20.5%,47.0%,32.5%,0.02,-2.07,2.08,2.23,0.23,1.00,0.89,2,0.12,-0.10,126,103,93,102,105,98,108,91,102,77,110,102,83,124,94,126,83,87.4,101.2,108.8,8.8,7,8.4%,31,37.3%,0.252,0.244,0.411,0.399,0.327,0.332,26.7%,66.0%,45.5%,53.5%,86.3%,76.3%,47.8%,24.1
74,2020,SDP,28,112,201,231,49,32,8,1,8,28,26,24,2,57,3,3,0,3,6,1,0.244,231,10.4%,24.7%,0.42,0.244,0.329,0.413,0.742,0.169,5.3,0.295,,,,0.6,29,0.0,0.319,103,0.295,1.33,23.8%,43.5%,32.7%,14.6%,16.7%,7,10.9%,0,0.0%,41.5%,33.3%,25.2%,20.4%,37.4%,42.2%,0.07,-4.48,4.55,1.77,0.17,1.12,0.67,4,0.38,-0.32,231,112,107,99,101,98,103,97,101,109,102,92,102,96,103,231,147,88.4,106.4,111.3,11.0,14,9.5%,58,39.5%,0.244,0.259,0.413,0.438,0.319,0.340,23.4%,63.8%,43.6%,56.4%,82.4%,75.4%,50.1%,23.9
75,2019,MIN,12,47,101,113,22,12,6,0,4,7,7,11,0,35,1,0,0,3,1,0,0.218,113,9.7%,31.0%,0.31,0.218,0.301,0.396,0.697,0.178,2.1,0.290,,,,0.1,12,-2.0,0.299,84,0.290,0.96,28.8%,34.8%,36.4%,25.0%,16.7%,1,4.3%,0,0.0%,42.4%,22.7%,34.8%,22.7%,47.0%,30.3%,-0.65,-2.06,1.41,-7.99,-0.76,0.91,0.48,3,-0.26,-0.46,113,114,135,86,93,90,84,96,97,135,83,100,103,67,141,113,66,89.2,104.2,108.4,16.1,8,12.1%,29,43.9%,0.218,0.217,0.396,0.408,0.299,0.305,33.6%,65.1%,47.6%,55.6%,73.6%,66.5%,44.5%,26.0
76,2019,NYY,66,141,305,348,73,45,13,0,15,44,42,39,0,91,2,1,0,5,7,0,0.239,348,11.2%,26.1%,0.43,0.239,0.329,0.430,0.758,0.190,4.2,0.290,,,,1.2,45,1.2,0.324,102,0.290,0.63,20.5%,30.7%,48.8%,14.3%,14.3%,5,7.6%,0,0.0%,41.9%,32.6%,25.6%,20.5%,53.0%,26.5%,-0.36,-5.73,5.37,0.79,0.07,0.93,2.34,1,0.03,-0.42,348,132,114,94,102,98,102,102,97,96,73,134,101,96,103,348,216,91.2,106.7,115.2,19.6,20,9.3%,83,38.4%,0.239,0.236,0.430,0.454,0.324,0.334,34.0%,66.9%,49.8%,53.2%,85.1%,73.7%,47.9%,26.1
77,2019,OAK,9,16,33,37,8,8,0,0,0,1,1,3,0,12,0,1,0,2,0,0,0.242,37,8.1%,32.4%,0.25,0.242,0.297,0.242,0.540,0.000,0.1,0.364,,,,0.0,2,-2.4,0.244,54,0.364,2.00,31.8%,45.5%,22.7%,0.0%,0.0%,1,10.0%,0,0.0%,50.0%,22.7%,27.3%,22.7%,68.2%,9.1%,-0.29,-0.67,0.38,-3.64,-0.37,0.96,2.25,1,-0.16,-0.14,37,95,142,96,92,55,54,0,122,150,108,62,121,67,110,37,22,80.9,93.6,105.8,6.5,0,0.0%,2,9.1%,0.242,0.218,0.242,0.257,0.244,0.242,25.4%,60.7%,44.5%,55.6%,76.5%,71.0%,54.2%,25.1
78,2019,TBR,34,96,195,215,45,28,6,0,11,23,23,17,0,68,2,1,0,5,1,1,0.231,215,7.9%,31.6%,0.25,0.231,0.298,0.431,0.728,0.200,1.9,0.291,,,,-0.3,25,-2.3,0.308,95,0.291,1.18,14.8%,46.1%,39.1%,4.0%,22.0%,2,3.4%,0,0.0%,40.6%,35.9%,23.4%,14.8%,53.9%,31.3%,-0.47,-2.73,2.26,-3.83,-0.38,0.68,0.37,4,-0.15,-0.54,215,93,138,91,92,98,95,107,97,70,109,107,98,106,95,215,128,90.4,106.5,116.2,9.8,16,12.5%,52,40.6%,0.231,0.222,0.431,0.434,0.308,0.308,35.6%,68.9%,51.9%,48.4%,83.1%,70.9%,48.9%,25.0
79,2019,ATL,47,89,169,189,38,22,10,1,5,17,16,16,3,46,3,1,0,2,1,2,0.225,189,8.5%,24.3%,0.35,0.225,0.302,0.385,0.686,0.160,3.2,0.277,,,,-0.8,19,-5.2,0.288,74,0.277,1.15,17.9%,43.9%,38.2%,14.9%,10.6%,6,11.1%,0,0.0%,46.8%,30.6%,22.6%,16.9%,53.2%,29.8%,-0.19,-3.89,3.70,-6.28,-0.63,1.15,1.55,14,-0.61,0.45,189,96,111,87,91,86,74,85,92,82,102,108,115,89,90,189,124,90.5,103.7,111.2,13.2,11,8.9%,47,37.9%,0.225,0.222,0.385,0.421,0.288,0.303,27.4%,68.8%,47.2%,53.7%,81.1%,72.8%,47.9%,24.2
80,2019,HOU,105,276,616,687,144,94,25,0,25,71,66,66,4,154,2,2,1,11,11,1,0.234,687,9.6%,22.4%,0.43,0.234,0.309,0.396,0.705,0.162,3.5,0.271,,,,1.4,75,-11.8,0.300,87,0.271,0.93,22.1%,37.5%,40.3%,9.1%,13.4%,19,11.0%,1,25.0%,44.1%,35.3%,20.6%,20.0%,53.8%,26.2%,-0.90,-10.79,9.89,-13.34,-1.35,0.84,0.69,19,-0.71,-0.36,687,113,98,92,96,90,87,87,91,104,89,111,107,104,83,687,465,88.9,104.8,116.8,14.2,34,7.3%,169,36.3%,0.234,0.264,0.396,0.462,0.300,0.339,31.0%,63.2%,46.8%,58.8%,85.6%,76.5%,48.9%,27.0
81,2019,LAD,122,81,173,195,38,20,9,0,9,22,21,20,3,64,1,1,0,1,5,0,0.220,195,10.3%,32.8%,0.31,0.220,0.303,0.428,0.730,0.208,4.4,0.287,,,,0.9,22,-2.7,0.303,88,0.287,0.65,17.3%,32.7%,50.0%,3.6%,16.4%,3,8.3%,0,0.0%,50.0%,32.7%,17.3%,12.7%,46.4%,40.9%,-0.28,-3.14,2.86,-0.84,-0.10,0.89,0.86,14,0.19,-0.50,195,116,150,85,91,96,88,111,96,80,76,141,123,95,69,195,110,92.0,106.8,114.9,18.3,18,16.4%,55,50.0%,0.220,0.242,0.428,0.524,0.303,0.348,30.6%,66.9%,47.2%,43.0%,86.7%,71.4%,45.8%,26.1
82,2019,MIL,31,15,32,36,7,3,2,0,2,3,3,3,0,11,0,0,1,1,0,0,0.219,36,8.3%,30.6%,0.27,0.219,0.286,0.469,0.754,0.250,0.3,0.263,,,,0.0,4,-0.5,0.314,88,0.263,0.88,28.6%,33.3%,38.1%,25.0%,25.0%,0,0.0%,0,0.0%,45.5%,27.3%,27.3%,22.7%,45.5%,31.8%,-0.22,-0.71,0.49,-1.94,-0.19,0.97,0.73,1,-0.15,-0.07,36,94,140,85,86,105,88,134,88,132,78,107,112,79,109,36,22,87.8,100.2,107.4,16.4,2,9.1%,8,36.4%,0.219,0.249,0.469,0.463,0.314,0.330,29.0%,75.0%,51.6%,55.6%,77.8%,71.4%,49.2%,24.0
83,2019,WSN,27,240,566,643,137,89,27,2,19,78,75,59,8,154,5,4,9,10,4,0,0.242,643,9.2%,24.0%,0.38,0.242,0.317,0.398,0.715,0.155,3.9,0.297,,,,0.5,70,-10.5,0.302,82,0.297,0.92,21.5%,37.6%,41.0%,14.9%,11.3%,11,7.1%,1,6.7%,38.6%,35.3%,26.1%,20.0%,50.4%,29.6%,0.81,-9.83,10.63,-0.18,-0.02,0.89,0.87,22,-0.38,1.29,643,104,110,94,96,89,82,83,99,99,88,116,95,102,105,643,425,89.7,103.9,113.0,15.2,34,8.0%,157,36.9%,0.242,0.236,0.398,0.425,0.302,0.314,30.9%,61.1%,45.8%,55.7%,85.5%,75.3%,49.4%,25.0
84,2019,STL,19,137,298,329,60,35,19,1,5,32,30,23,5,95,4,2,2,5,4,1,0.201,329,7.0%,28.9%,0.24,0.201,0.266,0.322,0.588,0.121,4.5,0.275,,,,0.2,21,-20.0,0.249,54,0.275,1.19,20.2%,43.3%,36.5%,14.9%,6.8%,3,3.4%,0,0.0%,40.6%,34.8%,24.6%,19.3%,53.6%,27.1%,-1.36,-5.74,4.37,-10.28,-1.07,0.98,1.20,17,-1.34,-0.05,329,79,132,78,80,72,54,65,92,93,101,103,100,101,99,329,207,87.6,104.1,113.9,14.8,11,5.3%,66,31.9%,0.201,0.210,0.322,0.339,0.249,0.261,34.8%,60.4%,46.7%,57.7%,82.8%,72.8%,46.6%,23.8
85,2018,BOS,35,230,501,571,121,78,25,1,17,84,80,59,7,120,6,3,2,7,7,3,0.242,571,10.3%,21.0%,0.49,0.242,0.327,0.397,0.724,0.156,4.4,0.283,,,,-0.2,66,-1.1,0.313,92,0.283,1.25,17.5%,45.8%,36.6%,10.7%,12.1%,12,6.9%,1,25.0%,42.7%,33.9%,23.3%,16.6%,49.5%,33.9%,1.33,-9.06,10.39,18.04,1.85,0.93,1.63,19,0.11,1.32,571,124,96,97,103,95,92,93,96,83,108,101,104,99,94,571,386,89.7,104.2,115.7,11.6,33,8.5%,153,39.6%,0.242,0.245,0.397,0.432,0.313,0.334,25.4%,63.8%,44.8%,57.0%,84.3%,76.7%,50.5%,25.4
86,2018,CLE,45,44,90,98,13,10,1,0,2,6,4,6,0,30,0,1,1,2,0,0,0.144,98,6.1%,30.6%,0.20,0.144,0.196,0.222,0.418,0.078,1.0,0.186,,,,0.0,2,-9.8,0.188,13,0.186,1.13,19.7%,42.6%,37.7%,4.3%,8.7%,1,3.8%,0,0.0%,35.5%,40.3%,24.2%,19.4%,46.8%,33.9%,-0.85,-1.59,0.74,-7.44,-0.77,0.80,0.58,2,-0.63,-0.43,98,74,140,58,61,53,13,47,63,93,101,104,86,118,98,98,62,89.5,104.4,109.6,13.8,2,3.2%,25,40.3%,0.144,0.216,0.222,0.347,0.188,0.272,34.9%,67.3%,52.2%,53.7%,84.5%,74.9%,53.4%,25.6
87,2018,NYY,66,80,160,184,35,24,4,1,6,21,21,19,0,37,1,3,1,4,1,0,0.219,184,10.3%,20.1%,0.51,0.219,0.301,0.369,0.669,0.150,4.2,0.242,,,,0.1,18,-3.3,0.293,83,0.242,1.76,19.0%,51.6%,29.4%,5.4%,16.2%,7,10.8%,0,0.0%,43.3%,31.5%,25.2%,22.0%,53.5%,24.4%,-0.56,-2.75,2.19,-2.70,-0.27,0.85,0.34,2,-0.53,-0.13,184,124,92,88,94,89,83,90,82,90,122,81,105,92,102,184,127,90.8,109.3,117.4,6.7,11,8.7%,52,40.9%,0.219,0.252,0.369,0.473,0.293,0.348,27.9%,70.1%,47.8%,53.6%,80.5%,72.2%,47.1%,26.0
88,2018,OAK,9,16,33,38,5,4,0,0,1,2,2,5,0,13,0,0,0,0,0,0,0.152,38,13.2%,34.2%,0.38,0.152,0.263,0.242,0.506,0.091,0.2,0.211,,,,0.0,2,-2.4,0.237,50,0.211,1.67,20.0%,50.0%,30.0%,0.0%,16.7%,1,10.0%,0,0.0%,45.0%,25.0%,30.0%,10.0%,55.0%,35.0%,-0.35,-0.69,0.34,-2.72,-0.27,0.94,0.17,1,-0.21,-0.16,38,159,157,61,83,58,50,54,72,94,118,82,110,73,121,38,20,94.1,107.4,109.4,7.4,1,5.0%,12,60.0%,0.152,0.240,0.242,0.326,0.237,0.301,19.4%,63.4%,42.9%,57.1%,84.6%,78.8%,53.2%,23.0
89,2018,ATL,47,66,123,134,19,16,1,0,2,8,8,9,1,32,1,0,1,1,0,1,0.154,134,6.7%,23.9%,0.28,0.154,0.218,0.211,0.429,0.057,1.5,0.191,,,,-0.5,2,-13.2,0.194,14,0.191,1.48,15.4%,50.5%,34.1%,22.6%,6.5%,4,8.7%,0,0.0%,39.1%,40.2%,20.7%,23.9%,48.9%,27.2%,-0.55,-1.92,1.37,-8.37,-0.93,0.77,1.03,9,-1.30,0.59,134,75,111,61,67,51,14,35,64,70,117,98,97,116,82,134,92,87.5,103.5,110.8,14.6,3,3.3%,26,28.3%,0.154,0.204,0.211,0.303,0.194,0.251,28.7%,71.1%,50.3%,66.2%,78.0%,74.7%,50.9%,24.2
90,2018,CHC,47,23,43,50,6,5,1,0,0,1,1,5,1,16,0,0,1,1,2,0,0.140,50,10.0%,32.0%,0.31,0.140,0.229,0.163,0.392,0.023,4.0,0.222,,,,0.4,0,-5.7,0.179,8,0.222,2.50,22.2%,55.6%,22.2%,16.7%,0.0%,0,0.0%,0,0.0%,32.1%,46.4%,21.4%,21.4%,57.1%,21.4%,-1.01,-1.92,0.91,-5.24,-0.55,2.07,3.74,5,-0.51,0.02,50,111,148,55,70,39,8,14,74,102,128,64,80,134,85,50,29,87.6,102.3,106.2,6.9,0,0.0%,10,34.5%,0.140,0.183,0.163,0.230,0.179,0.225,32.3%,61.4%,46.2%,48.4%,75.9%,65.9%,47.8%,25.1
91,2018,COL,5,72,144,157,25,19,5,1,0,4,4,11,0,43,0,2,0,1,1,2,0.174,157,7.0%,27.4%,0.26,0.174,0.229,0.222,0.452,0.049,2.4,0.243,,,,-0.7,4,-14.1,0.205,13,0.243,1.69,24.3%,47.6%,28.2%,6.9%,0.0%,3,6.1%,0,0.0%,49.5%,30.1%,20.4%,16.5%,49.5%,34.0%,-1.90,-4.23,2.34,-17.37,-1.71,1.39,1.57,8,-1.59,0.23,157,78,127,68,70,53,13,30,81,111,110,81,123,87,81,157,103,88.3,103.8,112.8,7.3,2,1.9%,33,32.0%,0.174,0.195,0.222,0.269,0.205,0.236,33.9%,63.6%,48.3%,52.4%,81.8%,71.2%,48.7%,24.2
92,2018,HOU,105,127,273,321,71,41,16,0,14,42,41,39,4,67,8,0,1,4,3,3,0.260,321,12.1%,20.9%,0.58,0.260,0.369,0.473,0.841,0.212,2.5,0.297,,,,-0.8,50,12.2,0.362,134,0.297,1.05,19.6%,41.2%,39.2%,5.0%,17.5%,5,6.0%,1,33.3%,45.9%,27.1%,27.1%,17.9%,56.5%,25.6%,0.05,-6.21,6.26,6.73,0.63,1.09,1.15,10,1.34,-1.29,321,146,96,104,116,113,134,127,101,92,97,108,112,79,109,321,207,87.2,102.9,108.5,12.6,11,5.3%,66,31.9%,0.260,0.235,0.473,0.369,0.362,0.319,28.1%,63.6%,45.1%,61.7%,86.2%,78.3%,48.1%,27.7
93,2018,LAD,122,279,546,627,112,76,15,2,19,59,56,67,5,173,7,3,4,12,13,4,0.205,627,10.7%,27.6%,0.39,0.205,0.299,0.344,0.643,0.139,4.2,0.261,,,,0.6,56,-16.8,0.283,78,0.261,1.07,17.8%,42.6%,39.6%,15.6%,12.9%,6,3.8%,1,11.1%,43.4%,33.9%,22.6%,18.7%,51.6%,29.7%,-1.62,-13.07,11.45,-13.32,-1.42,1.15,1.49,46,-1.43,0.01,627,119,128,81,91,83,78,85,87,81,98,114,108,98,90,627,380,88.9,104.5,115.6,15.2,31,8.2%,137,36.1%,0.205,0.204,0.344,0.349,0.283,0.287,27.3%,62.7%,45.1%,53.1%,82.0%,73.2%,50.2%,25.7
94,2018,MIL,31,174,349,390,84,51,22,1,10,37,33,38,8,104,1,1,0,6,8,3,0.241,390,9.7%,26.7%,0.37,0.241,0.316,0.395,0.712,0.155,4.1,0.314,,,,0.2,42,-3.7,0.303,88,0.314,1.59,21.6%,48.2%,30.2%,6.8%,13.5%,6,5.1%,1,100.0%,42.7%,33.3%,24.0%,16.3%,50.4%,33.3%,-1.10,-6.91,5.81,-7.70,-0.86,0.95,1.10,25,-0.27,-0.88,390,109,124,95,97,95,88,95,104,99,111,87,106,96,96,390,247,89.5,105.9,113.2,9.3,19,7.7%,93,37.7%,0.241,0.238,0.395,0.378,0.303,0.299,32.5%,66.6%,50.1%,51.9%,83.6%,73.6%,51.5%,25.4
95,2017,BOS,35,61,137,150,39,27,7,0,5,18,18,12,0,33,0,1,0,3,2,0,0.285,150,8.0%,22.0%,0.36,0.285,0.340,0.445,0.785,0.161,3.6,0.340,,,,0.3,20,2.0,0.337,106,0.340,1.45,22.9%,45.7%,31.4%,18.2%,15.2%,1,2.1%,0,0.0%,47.6%,32.4%,20.0%,19.0%,46.7%,34.3%,-0.26,-2.66,2.41,-0.04,-0.05,0.95,0.46,3,-0.11,-0.16,150,95,103,111,105,104,106,92,114,113,106,86,117,94,81,150,105,86.2,104.0,107.2,9.5,5,4.8%,33,31.4%,0.285,0.234,0.445,0.368,0.337,0.294,30.6%,65.7%,48.2%,58.1%,87.1%,77.9%,50.2%,25.5
96,2017,CLE,45,84,164,187,28,20,2,1,5,18,17,18,3,61,3,1,1,4,1,0,0.171,187,9.6%,32.6%,0.30,0.171,0.263,0.287,0.550,0.116,4.2,0.232,,,,0.1,10,-12.7,0.241,40,0.232,1.22,20.4%,43.7%,35.9%,8.1%,13.5%,4,8.9%,0,0.0%,41.9%,41.0%,17.1%,16.2%,47.6%,36.2%,-1.01,-4.25,3.24,-5.80,-0.59,1.21,1.41,5,-0.88,0.05,187,114,153,67,81,67,40,67,78,100,101,99,103,118,69,187,105,89.3,103.6,107.7,11.7,6,5.7%,36,34.3%,0.171,0.210,0.287,0.365,0.241,0.286,31.5%,63.7%,48.1%,51.3%,81.5%,72.0%,51.7%,24.7
97,2017,MIN,12,18,35,39,9,6,1,0,2,4,4,4,0,13,0,0,0,1,1,0,0.257,39,10.3%,33.3%,0.31,0.257,0.333,0.457,0.790,0.200,3.7,0.350,,,,0.2,5,0.6,0.339,116,0.350,0.70,22.7%,31.8%,45.5%,10.0%,20.0%,1,14.3%,0,0.0%,40.9%,27.3%,31.8%,27.3%,45.5%,27.3%,0.00,-0.64,0.64,-0.58,-0.06,0.97,0.12,1,0.03,-0.04,39,122,157,100,103,106,116,115,118,112,74,125,101,79,128,39,22,89.5,104.1,105.4,18.7,2,9.1%,8,36.4%,0.257,0.227,0.457,0.412,0.339,0.311,36.7%,62.0%,50.3%,62.1%,78.9%,73.3%,53.8%,24.2
98,2017,NYY,66,174,426,478,89,54,18,1,16,51,48,45,4,139,3,2,1,6,1,3,0.209,478,9.4%,29.1%,0.32,0.209,0.288,0.369,0.656,0.160,2.4,0.267,,,,-1.3,43,-15.4,0.282,73,0.267,1.03,20.9%,40.1%,39.0%,6.3%,14.3%,11,9.6%,1,33.3%,44.1%,37.2%,18.6%,21.4%,46.9%,31.7%,-0.90,-7.95,7.05,-6.77,-0.74,0.88,1.28,5,-0.90,-0.13,478,112,137,82,89,86,73,92,90,103,93,107,109,108,75,478,291,85.7,103.4,116.3,13.2,23,7.9%,93,32.0%,0.209,0.222,0.369,0.393,0.282,0.299,30.1%,62.8%,46.0%,52.8%,82.3%,72.4%,48.7%,24.7
99,2017,ARI,21,62,136,149,35,20,2,4,9,22,21,11,2,39,1,0,1,4,0,0,0.257,149,7.4%,26.2%,0.28,0.257,0.318,0.529,0.847,0.272,4.2,0.295,,,,-0.1,22,3.4,0.349,110,0.295,1.32,16.8%,47.4%,35.8%,14.7%,26.5%,2,4.4%,2,66.7%,40.8%,31.6%,27.6%,19.4%,33.7%,46.9%,-0.25,-2.22,1.97,4.57,0.47,0.75,0.68,10,0.51,-0.84,149,82,125,98,95,121,110,155,97,82,107,102,103,90,109,149,98,87.4,104.0,114.6,11.8,7,7.1%,38,38.8%,0.257,0.225,0.529,0.382,0.349,0.287,29.3%,67.0%,50.1%,50.0%,83.2%,74.5%,55.2%,24.5
100,2017,CHC,47,153,304,338,51,32,10,0,9,25,23,23,2,105,6,0,4,7,3,0,0.168,338,6.8%,31.1%,0.22,0.168,0.240,0.289,0.530,0.122,3.1,0.221,,,,0.5,16,-25.2,0.233,38,0.221,1.44,20.4%,46.9%,32.7%,9.4%,14.1%,3,3.3%,1,14.3%,45.3%,32.5%,22.2%,13.8%,52.2%,34.0%,-1.13,-5.57,4.44,-18.12,-1.91,0.88,0.89,12,-1.74,0.46,338,76,148,64,72,66,38,69,72,99,106,93,114,93,87,338,204,86.3,103.9,114.8,11.3,8,3.9%,46,22.5%,0.168,0.208,0.289,0.340,0.233,0.267,37.6%,64.4%,51.0%,61.1%,78.4%,72.0%,50.1%,23.7
101,2017,COL,5,20,38,40,13,8,3,0,2,8,8,1,0,6,0,0,1,1,0,0,0.342,40,2.5%,15.0%,0.17,0.342,0.359,0.579,0.938,0.237,2.6,0.367,,,,0.0,7,2.1,0.394,132,0.367,1.60,18.8%,50.0%,31.3%,0.0%,20.0%,0,0.0%,0,0.0%,33.3%,45.5%,21.2%,6.1%,42.4%,51.5%,-0.03,-0.71,0.68,3.04,0.29,0.92,0.98,3,0.16,-0.20,40,28,71,131,108,132,132,135,120,91,113,89,84,130,84,40,33,88.4,105.8,111.5,6.5,3,9.1%,14,42.4%,0.342,0.333,0.579,0.592,0.394,0.396,32.9%,73.7%,53.7%,45.8%,83.9%,72.5%,51.0%,25.0
102,2017,HOU,105,248,605,675,145,84,33,1,27,78,73,60,8,129,6,2,1,16,4,1,0.240,675,8.9%,19.1%,0.47,0.240,0.314,0.431,0.745,0.192,2.9,0.262,,,,0.0,79,-3.5,0.315,98,0.262,0.99,20.4%,39.6%,40.0%,12.1%,14.2%,15,8.0%,0,0.0%,41.5%,37.4%,21.1%,17.7%,46.6%,35.7%,1.84,-10.41,12.26,1.88,0.24,0.88,0.71,12,1.13,0.96,675,106,90,94,97,100,98,110,88,101,91,110,102,108,85,675,480,87.9,104.4,111.9,14.3,35,7.3%,165,34.4%,0.240,0.255,0.431,0.442,0.315,0.329,29.4%,64.1%,46.3%,65.5%,89.3%,81.6%,48.8%,24.8
103,2017,LAD,122,246,496,579,120,69,23,5,23,82,76,65,3,133,9,4,5,10,6,5,0.242,579,11.2%,23.0%,0.49,0.242,0.338,0.448,0.786,0.206,4.9,0.282,,,,-1.3,77,6.9,0.336,109,0.282,1.03,21.9%,39.6%,38.5%,11.5%,16.5%,8,5.6%,0,0.0%,42.2%,32.0%,25.8%,18.5%,47.3%,34.1%,2.17,-9.79,11.96,19.36,2.09,1.00,0.98,27,0.85,1.31,579,125,109,93,101,102,109,117,92,107,90,109,107,91,102,579,372,88.2,103.3,114.8,13.3,24,6.5%,133,35.8%,0.242,0.244,0.448,0.418,0.336,0.330,23.1%,62.9%,43.1%,53.5%,86.1%,77.4%,50.4%,25.1
104,2017,WSN,27,74,161,190,30,18,6,0,6,20,18,25,2,41,2,1,1,2,3,0,0.186,190,13.2%,21.6%,0.61,0.186,0.302,0.335,0.637,0.149,3.9,0.209,,,,0.5,16,-6.7,0.280,67,0.209,1.13,20.0%,42.5%,37.5%,6.7%,13.3%,3,5.9%,1,50.0%,32.8%,35.2%,32.0%,17.2%,41.0%,41.8%,-0.52,-4.10,3.58,-2.13,-0.22,1.22,1.45,8,-0.65,0.22,190,146,103,71,90,77,67,85,68,97,96,106,83,101,126,190,122,86.9,105.5,112.6,11.5,6,4.9%,35,28.7%,0.186,0.231,0.335,0.408,0.280,0.316,30.2%,61.5%,46.1%,62.5%,78.4%,73.3%,50.8%,24.6
105,2016,BAL,6,17,37,38,4,3,0,0,1,2,2,1,0,12,0,0,0,0,1,0,0.108,38,2.6%,31.6%,0.08,0.108,0.132,0.189,0.321,0.081,4.8,0.125,,,,0.2,-1,-5.6,0.141,-15,0.125,2.50,16.0%,60.0%,24.0%,16.7%,16.7%,0,0.0%,0,0.0%,44.0%,32.0%,24.0%,40.0%,40.0%,20.0%,-0.68,-1.05,0.37,-3.47,-0.36,1.23,1.31,1,-0.52,-0.04,38,33,153,42,41,45,-15,49,42,78,136,67,108,94,96,38,25,83.3,102.3,110.7,-1.9,1,4.0%,7,28.0%,0.108,0.183,0.189,0.271,0.141,0.207,35.0%,57.6%,45.2%,50.0%,86.8%,71.2%,45.2%,20.7
106,2016,BOS,35,47,98,108,21,11,7,0,3,7,7,8,0,31,1,1,0,2,0,0,0.214,108,7.4%,28.7%,0.26,0.214,0.278,0.378,0.655,0.163,0.5,0.277,,,,0.0,10,-3.1,0.284,70,0.277,1.00,23.5%,38.2%,38.2%,7.7%,11.5%,0,0.0%,0,0.0%,50.0%,30.9%,19.1%,11.8%,36.8%,51.5%,-0.87,-2.58,1.70,-6.32,-0.66,1.24,1.39,3,-0.50,-0.20,108,92,139,83,86,89,70,98,93,115,87,108,122,91,76,108,68,89.5,107.0,110.8,17.8,4,5.9%,16,23.5%,0.214,0.200,0.378,0.369,0.284,0.273,25.3%,60.1%,42.0%,50.0%,84.3%,73.6%,47.9%,22.4
107,2016,CLE,45,228,477,532,106,69,19,0,18,54,49,39,2,138,6,2,8,7,7,4,0.222,532,7.3%,25.9%,0.28,0.222,0.288,0.375,0.663,0.153,3.1,0.272,,,,-0.5,49,-13.4,0.288,74,0.272,1.18,23.4%,41.4%,35.2%,12.6%,15.1%,10,7.1%,1,9.1%,40.7%,32.7%,26.6%,18.3%,50.4%,31.2%,-0.46,-7.72,7.26,-9.26,-0.96,0.81,0.70,16,-0.77,0.21,532,91,126,86,90,89,74,92,91,114,94,99,99,96,107,532,349,89.0,105.2,112.9,12.2,28,8.0%,122,35.0%,0.222,0.245,0.375,0.416,0.288,0.317,28.9%,61.3%,44.4%,56.4%,83.0%,73.9%,47.8%,23.0
108,2016,TEX,25,46,103,110,21,14,4,1,2,10,10,7,0,22,0,0,0,1,1,1,0.204,110,6.4%,20.0%,0.32,0.204,0.255,0.320,0.575,0.117,4.3,0.241,,,,-0.3,7,-6.0,0.252,46,0.241,0.94,18.5%,39.5%,42.0%,20.6%,5.9%,2,6.3%,0,0.0%,40.7%,38.3%,21.0%,22.2%,44.4%,33.3%,-0.60,-2.14,1.53,-4.69,-0.45,1.02,0.74,2,-0.69,0.10,110,79,97,79,79,76,46,70,81,91,90,118,100,112,84,110,81,88.3,105.1,112.1,13.8,5,6.2%,23,28.4%,0.204,0.222,0.320,0.348,0.252,0.271,31.9%,64.2%,48.9%,67.2%,83.1%,78.2%,52.6%,22.9
109,2016,TOR,44,134,305,332,70,44,11,3,12,35,33,25,4,79,1,1,0,11,2,0,0.230,332,7.5%,23.8%,0.32,0.230,0.289,0.403,0.692,0.174,4.6,0.270,,,,0.3,33,-6.5,0.294,82,0.270,1.15,21.8%,41.8%,36.4%,20.7%,14.6%,1,1.1%,0,0.0%,38.3%,36.6%,25.1%,18.9%,41.4%,39.6%,-1.17,-6.62,5.45,-7.16,-0.79,1.05,1.48,11,-0.58,-0.53,332,94,115,89,90,95,82,104,90,107,95,102,94,107,100,332,227,87.8,103.6,109.7,14.2,12,5.3%,79,34.8%,0.230,0.215,0.403,0.360,0.294,0.276,24.7%,59.0%,44.5%,50.4%,81.0%,73.8%,57.7%,22.8
110,2016,CHC,47,264,587,645,137,83,31,3,20,75,73,46,5,152,6,5,1,8,11,1,0.233,645,7.1%,23.6%,0.30,0.233,0.293,0.399,0.692,0.165,5.2,0.279,,,,1.5,64,-12.4,0.296,81,0.279,0.88,23.6%,35.8%,40.6%,15.8%,11.3%,15,9.6%,3,60.0%,42.2%,35.8%,22.0%,17.5%,46.5%,36.1%,0.63,-9.99,10.62,5.42,0.65,0.92,1.29,27,0.35,0.34,645,83,115,90,89,94,81,100,91,111,80,119,108,102,85,645,441,88.4,104.5,112.7,16.7,33,7.5%,150,34.0%,0.233,0.245,0.399,0.431,0.296,0.315,31.6%,64.5%,48.3%,57.3%,83.9%,75.3%,50.7%,25.6
111,2016,LAD,122,188,350,401,76,56,9,1,10,36,36,37,4,86,9,1,3,9,9,0,0.217,401,9.2%,21.4%,0.43,0.217,0.307,0.334,0.642,0.117,4.8,0.259,,,,1.6,35,-11.8,0.283,76,0.259,1.38,22.5%,45.0%,32.6%,11.9%,11.9%,7,6.0%,1,10.0%,37.7%,35.8%,26.5%,16.8%,46.6%,36.6%,-0.62,-6.89,6.27,-8.10,-0.85,0.97,1.29,34,-0.30,-0.34,401,107,105,83,93,79,76,71,85,106,101,95,97,102,103,401,269,88.4,104.5,110.5,10.5,15,5.6%,88,32.7%,0.217,0.236,0.334,0.396,0.283,0.314,29.3%,63.3%,45.4%,47.7%,85.4%,72.6%,47.2%,23.9
112,2016,WSN,27,88,167,197,42,31,7,0,4,24,24,22,2,63,5,3,0,1,8,1,0.251,197,11.2%,32.0%,0.35,0.251,0.350,0.365,0.716,0.114,4.9,0.369,,,,1.1,23,-0.4,0.315,94,0.369,0.72,30.2%,29.2%,40.6%,23.3%,9.3%,2,6.5%,0,0.0%,39.3%,34.6%,26.2%,20.6%,41.1%,38.3%,-0.30,-4.71,4.41,3.87,0.45,1.41,1.90,12,0.09,-0.30,197,129,156,97,106,86,94,69,121,142,65,119,101,98,102,197,107,90.3,105.7,112.7,21.1,8,7.5%,35,32.7%,0.251,0.235,0.365,0.399,0.315,0.334,26.8%,68.3%,48.0%,44.3%,77.7%,68.5%,51.0%,28.2
113,2016,NYM,31,13,30,32,4,3,1,0,0,0,0,2,1,6,0,0,0,1,0,0,0.133,32,6.3%,18.8%,0.33,0.133,0.188,0.167,0.354,0.033,0.1,0.167,,,,0.0,-1,-4.6,0.147,-9,0.167,0.57,8.3%,33.3%,58.3%,14.3%,0.0%,0,0.0%,0,0.0%,33.3%,37.5%,29.2%,16.7%,62.5%,20.8%,-0.54,-0.79,0.25,-3.75,-0.44,1.19,1.53,2,-0.42,-0.03,32,72,91,51,57,39,-9,20,55,39,75,171,85,106,113,32,24,87.1,100.6,104.6,22.4,0,0.0%,5,20.8%,0.133,0.157,0.167,0.260,0.147,0.194,33.9%,67.9%,50.4%,75.0%,84.2%,81.0%,48.7%,24.4
114,2016,SFG,10,72,173,192,41,28,10,2,1,16,16,12,1,41,0,4,2,2,2,3,0.237,192,6.3%,21.4%,0.29,0.237,0.280,0.335,0.616,0.098,4.2,0.296,,,,-0.9,14,-8.7,0.265,63,0.296,1.84,19.4%,52.2%,28.4%,2.6%,2.6%,3,4.3%,1,25.0%,31.9%,38.4%,29.7%,15.9%,50.0%,34.1%,-0.38,-4.19,3.81,-4.00,-0.39,1.29,1.22,9,-0.80,0.50,192,72,104,91,85,79,63,60,97,91,117,83,82,109,115,192,139,87.6,103.4,108.0,6.6,12,8.6%,46,33.1%,0.237,0.254,0.335,0.445,0.265,0.324,32.2%,67.4%,49.3%,66.1%,84.2%,78.1%,48.6%,25.7
115,2015,KCR,22,173,562,627,146,100,26,3,17,90,83,44,6,108,7,10,4,8,14,3,0.260,627,7.0%,17.2%,0.41,0.260,0.316,0.407,0.724,0.148,5.8,0.289,,,,1.3,69,-1.3,0.311,94,0.289,1.34,20.1%,45.7%,34.2%,14.6%,10.8%,18,8.5%,2,33.3%,37.8%,38.7%,23.5%,17.5%,45.3%,37.2%,2.05,-10.54,12.59,21.40,2.25,1.08,1.67,6,0.80,1.09,627,91,87,101,99,99,94,94,97,98,103,98,93,112,95,627,468,89.5,105.5,112.3,11.0,37,7.9%,183,39.1%,0.260,0.263,0.407,0.445,0.311,0.337,33.0%,66.2%,49.3%,65.3%,87.8%,80.1%,49.0%,24.8
116,2015,NYY,66,10,30,32,3,3,0,0,0,0,0,2,0,10,0,0,0,0,0,0,0.100,32,6.3%,31.3%,0.20,0.100,0.156,0.100,0.256,0.000,0.1,0.150,,,,0.0,-1,-4.8,0.126,-23,0.150,1.25,10.0%,50.0%,40.0%,12.5%,0.0%,0,0.0%,0,0.0%,25.0%,50.0%,25.0%,10.0%,55.0%,35.0%,-0.51,-0.67,0.16,-4.45,-0.46,0.97,0.31,1,-0.49,-0.02,32,81,158,39,49,24,-23,0,51,49,113,114,62,144,101,32,20,86.5,102.0,105.2,6.7,1,5.0%,6,30.0%,0.100,0.145,0.100,0.266,0.126,0.212,23.3%,57.1%,38.0%,41.2%,96.9%,77.6%,43.4%,22.9
117,2015,TEX,25,58,184,198,40,31,6,0,3,19,16,9,0,39,2,1,2,2,1,2,0.217,198,4.5%,19.7%,0.23,0.217,0.260,0.299,0.559,0.082,2.5,0.259,,,,-0.7,12,-10.3,0.248,48,0.259,1.45,16.7%,49.3%,34.0%,10.2%,6.1%,5,7.0%,0,0.0%,35.1%,40.5%,24.3%,15.5%,50.0%,34.5%,-0.61,-3.62,3.01,-6.62,-0.65,1.01,0.82,5,-0.84,0.23,198,59,99,85,82,72,48,52,87,81,111,97,86,117,98,198,148,87.3,102.9,112.9,7.9,5,3.4%,48,32.4%,0.217,0.230,0.299,0.361,0.248,0.280,24.6%,61.6%,45.0%,64.6%,83.0%,78.5%,55.2%,22.8
118,2015,TOR,44,118,381,427,88,51,23,0,14,52,50,39,3,91,4,0,3,8,9,1,0.231,427,9.1%,21.3%,0.43,0.231,0.309,0.402,0.711,0.171,4.4,0.268,,,,1.2,46,-1.5,0.310,93,0.268,1.24,18.5%,45.1%,36.4%,13.5%,13.5%,13,10.1%,2,28.6%,37.2%,38.2%,24.6%,18.4%,45.1%,36.5%,-0.34,-7.78,7.44,1.19,0.10,1.03,1.66,6,0.14,-0.47,427,119,108,90,97,97,93,108,91,90,102,104,92,110,99,427,293,88.5,106.7,115.6,12.2,25,8.5%,109,37.2%,0.231,0.236,0.402,0.428,0.310,0.324,28.0%,61.9%,45.1%,58.3%,85.6%,77.2%,50.5%,24.5
119,2015,CHC,47,108,284,315,58,33,7,2,16,32,32,26,3,85,2,0,3,4,6,1,0.204,315,8.3%,27.0%,0.31,0.204,0.276,0.412,0.688,0.208,5.1,0.230,,,,0.7,30,-5.0,0.296,84,0.230,1.37,21.8%,45.2%,33.0%,13.8%,24.6%,4,4.5%,2,40.0%,43.6%,35.6%,20.8%,18.3%,40.6%,41.1%,-0.01,-4.17,4.15,-3.57,-0.43,0.71,0.56,17,0.03,-0.05,315,104,135,78,85,101,84,139,75,102,99,100,114,100,79,315,202,87.9,105.8,112.5,11.5,20,9.9%,67,33.2%,0.204,0.221,0.412,0.420,0.296,0.309,25.6%,63.6%,44.8%,51.9%,80.6%,72.4%,50.3%,22.4
120,2015,HOU,105,71,194,216,43,26,6,0,11,24,24,21,2,67,1,0,0,5,3,1,0.222,216,9.7%,31.0%,0.31,0.222,0.301,0.423,0.724,0.201,3.1,0.276,,,,0.1,25,0.5,0.313,103,0.276,0.92,21.0%,37.9%,41.1%,11.8%,21.6%,1,2.1%,1,33.3%,45.7%,35.4%,18.9%,22.0%,33.1%,44.9%,-0.05,-3.36,3.31,-1.93,-0.20,0.83,1.25,8,0.14,-0.20,216,126,157,87,95,102,103,128,93,102,85,118,112,102,76,216,127,88.0,106.0,112.2,14.5,16,12.6%,48,37.8%,0.222,0.221,0.423,0.428,0.313,0.317,33.0%,67.4%,49.2%,58.0%,80.4%,72.5%,47.1%,23.6
121,2015,LAD,122,62,168,183,40,28,10,0,2,18,17,13,3,54,0,0,2,4,3,0,0.238,183,7.1%,29.5%,0.24,0.238,0.293,0.333,0.626,0.095,4.1,0.339,,,,0.5,14,-6.3,0.271,72,0.339,1.20,32.5%,36.8%,30.7%,17.1%,5.7%,1,2.4%,0,0.0%,33.6%,32.8%,33.6%,21.6%,35.3%,43.1%,-0.42,-3.33,2.91,-0.71,-0.07,1.06,1.02,11,-0.41,0.01,183,89,148,91,90,81,72,64,111,152,81,93,88,92,128,183,116,87.3,102.6,108.7,14.2,4,3.4%,38,32.8%,0.238,0.226,0.333,0.322,0.271,0.263,30.7%,67.4%,50.6%,42.0%,82.4%,71.3%,54.4%,23.6
122,2015,NYM,31,157,470,527,103,68,14,1,20,62,60,40,4,140,4,7,6,9,10,4,0.219,527,7.6%,26.6%,0.29,0.219,0.282,0.381,0.663,0.162,4.4,0.262,,,,0.2,47,-12.0,0.286,82,0.262,1.18,22.7%,41.8%,35.5%,11.8%,16.8%,14,10.0%,1,12.5%,42.9%,32.7%,24.5%,19.5%,46.4%,34.1%,0.44,-7.78,8.22,4.74,0.59,0.85,0.72,18,0.48,0.03,527,96,133,84,87,93,82,108,86,106,92,107,112,92,93,527,343,85.6,102.8,113.5,12.8,27,7.9%,97,28.3%,0.219,0.224,0.381,0.392,0.286,0.296,29.1%,61.7%,45.5%,59.4%,84.8%,76.8%,50.3%,24.0
123,2015,PIT,1,13,30,32,5,5,0,0,0,0,0,0,0,11,2,0,0,2,0,0,0.167,32,0.0%,34.4%,0.00,0.167,0.219,0.167,0.385,0.000,0.1,0.263,,,,0.0,0,-3.3,0.183,18,0.263,2.75,21.1%,57.9%,21.1%,0.0%,0.0%,1,9.1%,0,0.0%,26.3%,36.8%,36.8%,5.3%,31.6%,63.2%,-0.31,-0.53,0.21,-3.90,-0.44,0.75,0.64,4,-0.35,-0.07,32,0,172,64,67,41,18,0,86,98,127,64,69,103,141,32,19,91.6,106.6,109.4,9.9,0,0.0%,7,36.8%,0.167,0.230,0.167,0.283,0.183,0.256,35.6%,64.8%,49.6%,42.9%,88.6%,71.4%,47.8%,24.7
124,2015,STL,19,49,133,141,28,15,5,0,8,17,17,7,0,48,1,0,0,0,0,0,0.211,141,5.0%,34.0%,0.15,0.211,0.255,0.429,0.684,0.218,1.6,0.260,,,,0.0,14,-2.1,0.295,87,0.260,1.06,20.0%,41.2%,38.8%,0.0%,24.2%,2,5.7%,0,0.0%,43.5%,28.2%,28.2%,10.6%,41.2%,48.2%,-0.24,-2.30,2.06,0.82,0.09,0.90,1.00,10,-0.02,-0.24,141,62,171,81,79,105,87,146,85,94,90,117,114,79,108,141,85,90.3,106.2,109.9,11.0,12,14.1%,40,47.1%,0.211,0.240,0.429,0.493,0.295,0.334,32.4%,64.7%,49.6%,34.1%,85.0%,69.5%,53.3%,22.9