#,Season,Team,TG,G,AB,H,1B,2B,3B,HR,R,BB,IBB,SO,HBP,SF,SH,GDP,SB,CS,AVG,BB%,K%,BB/K,OBP,SLG,OPS,ISO,Spd,BABIP,UBR,wGDP,XBR,wSB,wRC,wRAA,wOBA,wRC+,GB/FB,LD%,GB%,FB%,IFFB%,HR/FB,IFH,IFH%,BUH,BUH%,Pull%,Cent%,Oppo%,Soft%,Med%,Hard%,WPA,-WPA,+WPA,RE24,REW,pLI,phLI,PH,WPA/LI,Clutch,BB%+,K%+,AVG+,OBP+,SLG+,ISO+,BABIP+,LD%+,GB%+,FB%+,Pull%+,Cent%+,Oppo%+,Events,EV,EV90,maxEV,LA,Barrels,Barrel%,HardHit,HardHit%,xBA,xSLG,xwOBA,O-Swing%,Z-Swing%,Swing%,O-Contact%,Z-Contact%,Contact%,Zone%,Pace
1,2025,BOS,35,47,96,19,15,3,0,1,6,10,0,30,1,0,1,4,1,0,0.198,0.09300000000000001,0.278,0.33,0.28,0.26,0.541,0.063,2.6,0.277,,,,0.0,7,-5.5,0.249,54,0.96,0.215,0.385,0.4,0.192,0.038,0,0.0,0,0.0,0.313,0.34299999999999997,0.34299999999999997,0.19399999999999998,0.642,0.16399999999999998,-0.64,-2.43,1.78,-7.07,-0.74,1.19,2.47,6,-0.67,0.13,112,123,81,90,64,39,96,110,93,102,76,99,143,67,87.5,103.1,108.9,19.6,3,0.045,26,0.38799999999999996,0.195,0.282,0.255,0.26899999999999996,0.618,0.455,0.509,0.784,0.708,0.5329999999999999,20.4
2,2025,CLE,45,54,90,16,9,4,0,3,10,9,1,24,0,0,0,3,0,1,0.178,0.091,0.242,0.38,0.253,0.322,0.575,0.144,2.2,0.206,,,,-0.5,7,-4.9,0.251,60,1.85,0.12300000000000001,0.569,0.308,0.15,0.15,3,0.081,0,0.0,0.379,0.318,0.303,0.242,0.455,0.303,-0.86,-2.57,1.71,-2.56,-0.27,1.12,2.34,5,-0.44,-0.32,110,108,73,81,79,89,72,63,138,78,92,92,126,66,87.2,104.0,110.8,4.9,3,0.045,24,0.364,0.2,0.308,0.257,0.303,0.662,0.495,0.446,0.8440000000000001,0.731,0.535,17.6
3,2025,DET,15,124,290,60,40,14,0,6,29,29,4,88,5,0,4,3,2,1,0.207,0.08800000000000001,0.268,0.33,0.29,0.317,0.607,0.11,2.5,0.276,,,,-0.5,27,-12.0,0.269,69,1.08,0.23399999999999999,0.39799999999999996,0.368,0.095,0.081,5,0.063,1,0.2,0.40299999999999997,0.40299999999999997,0.19399999999999998,0.165,0.5529999999999999,0.282,-1.47,-7.56,6.09,-7.59,-0.87,1.25,1.11,9,-0.79,-0.38,107,119,85,93,78,68,96,120,97,94,98,116,81,206,88.5,104.2,112.8,15.7,11,0.053,73,0.354,0.227,0.369,0.296,0.331,0.6629999999999999,0.491,0.5760000000000001,0.8270000000000001,0.7390000000000001,0.48200000000000004,19.2
4,2025,NYY,66,106,235,59,41,12,0,6,28,20,3,66,3,3,0,3,1,0,0.251,0.077,0.253,0.3,0.314,0.379,0.693,0.128,2.6,0.319,,,,-0.2,28,-2.5,0.3,93,0.9,0.19899999999999998,0.38,0.42100000000000004,0.125,0.083,3,0.046,0,0.0,0.506,0.314,0.18,0.11599999999999999,0.5870000000000001,0.297,-0.38,-4.71,4.32,-1.13,-0.12,1.0,0.65,6,-0.05,-0.34,93,112,103,100,93,79,111,102,92,107,122,91,75,172,91.4,107.5,116.3,17.5,18,0.105,78,0.45299999999999996,0.237,0.398,0.307,0.295,0.639,0.47600000000000003,0.493,0.82,0.7240000000000001,0.527,19.3
5,2025,SEA,17,185,409,88,55,12,1,20,49,48,4,129,6,3,1,11,7,2,0.215,0.10300000000000001,0.276,0.37,0.305,0.396,0.701,0.181,3.7,0.259,,,,-0.1,52,-3.0,0.304,101,0.86,0.177,0.379,0.44299999999999995,0.136,0.16,4,0.037000000000000005,1,0.5,0.405,0.377,0.218,0.183,0.48200000000000004,0.335,-0.25,-8.29,8.04,-1.94,-0.24,0.99,0.94,11,0.12,-0.38,124,123,88,97,98,112,90,91,92,113,98,109,91,284,90.0,106.1,113.7,16.9,30,0.106,122,0.43,0.216,0.392,0.304,0.312,0.6609999999999999,0.48100000000000004,0.53,0.799,0.7090000000000001,0.483,19.2
6,2025,TOR,44,296,667,190,124,36,2,28,105,61,8,128,11,6,5,11,3,2,0.285,0.081,0.171,0.48,0.352,0.471,0.822,0.186,3.3,0.313,,,,-1.5,113,23.9,0.352,128,1.14,0.228,0.41100000000000003,0.361,0.092,0.14300000000000002,14,0.063,0,0.0,0.402,0.336,0.262,0.18899999999999997,0.531,0.28,0.0,-13.12,13.12,24.11,2.62,0.99,0.87,9,1.83,-1.83,98,76,117,112,116,115,109,117,100,92,97,97,109,550,88.4,105.2,116.0,11.3,46,0.084,210,0.382,0.275,0.44,0.343,0.326,0.6729999999999999,0.508,0.632,0.862,0.792,0.525,19.7
7,2025,CHC,47,120,249,55,37,6,0,12,23,21,2,81,3,1,3,4,3,3,0.221,0.076,0.292,0.26,0.288,0.39,0.678,0.169,2.0,0.274,,,,-1.0,28,-4.5,0.294,88,0.73,0.23399999999999999,0.32299999999999995,0.44299999999999995,0.122,0.162,3,0.055999999999999994,0,0.0,0.39,0.36,0.25,0.122,0.581,0.297,-0.69,-3.73,3.04,-10.45,-1.08,0.72,0.78,4,-1.1,0.14,89,134,89,91,97,109,94,117,76,117,96,103,103,172,89.4,105.8,117.3,17.5,18,0.105,69,0.401,0.227,0.418,0.307,0.306,0.653,0.48100000000000004,0.537,0.821,0.731,0.505,20.2
8,2025,CIN,4,33,67,13,11,2,0,0,9,10,0,25,1,1,0,0,1,0,0.194,0.127,0.316,0.4,0.304,0.224,0.528,0.03,4.2,0.302,,,,0.1,5,-4.0,0.251,54,2.0,0.163,0.5579999999999999,0.27899999999999997,0.083,0.0,1,0.042,0,0.0,0.488,0.256,0.256,0.163,0.442,0.395,-0.37,-1.11,0.74,0.0,0.0,0.75,0.39,2,-0.19,-0.3,148,145,79,96,56,19,103,82,132,74,120,73,106,43,86.6,103.6,108.1,5.3,1,0.023,16,0.37200000000000005,0.195,0.245,0.26,0.33299999999999996,0.5670000000000001,0.44299999999999995,0.508,0.7979999999999999,0.682,0.47,20.0
9,2025,LAD,122,256,605,141,89,26,2,24,72,68,15,165,11,3,5,9,3,1,0.233,0.098,0.23800000000000002,0.41,0.32,0.402,0.722,0.169,3.0,0.279,,,,-0.8,80,-1.4,0.309,99,0.98,0.20600000000000002,0.39399999999999996,0.4,0.107,0.136,12,0.069,1,0.16699999999999998,0.45299999999999996,0.31,0.237,0.154,0.489,0.35700000000000004,-0.53,-12.87,12.34,-7.67,-0.79,1.09,1.56,12,0.38,-0.87,115,109,94,101,100,109,95,103,93,106,111,88,98,448,90.1,104.6,117.7,16.6,50,0.11199999999999999,194,0.433,0.243,0.429,0.326,0.292,0.653,0.48,0.523,0.8370000000000001,0.7440000000000001,0.519,19.6
10,2025,MIL,31,146,279,54,34,11,1,8,26,29,0,75,1,2,1,6,6,1,0.194,0.09300000000000001,0.24,0.39,0.27,0.326,0.596,0.133,4.4,0.232,,,,0.4,25,-12.2,0.265,68,1.41,0.196,0.47100000000000003,0.33299999999999996,0.11800000000000001,0.11800000000000001,6,0.063,0,0.0,0.44,0.319,0.242,0.121,0.565,0.314,-1.58,-5.56,3.98,-12.7,-1.31,0.97,1.49,10,-1.2,-0.44,109,110,78,85,81,85,79,98,111,88,108,91,100,207,90.5,105.6,111.5,10.5,16,0.077,95,0.45899999999999996,0.24,0.375,0.304,0.29600000000000004,0.621,0.467,0.491,0.8440000000000001,0.738,0.525,18.0
11,2025,PHI,38,65,137,29,17,7,2,3,15,17,2,38,1,2,1,1,4,1,0.212,0.10800000000000001,0.24100000000000002,0.45,0.299,0.358,0.657,0.146,6.2,0.265,,,,0.2,15,-3.6,0.285,80,1.48,0.222,0.465,0.313,0.065,0.09699999999999999,2,0.043,0,0.0,0.42200000000000004,0.373,0.20600000000000002,0.11800000000000001,0.588,0.294,-1.2,-3.78,2.58,-4.4,-0.44,1.24,2.86,6,-0.51,-0.46,126,110,86,94,89,94,91,112,110,83,104,106,85,102,89.6,105.1,117.2,11.0,8,0.078,43,0.42200000000000004,0.242,0.376,0.307,0.319,0.66,0.494,0.457,0.7909999999999999,0.687,0.514,19.3
12,2025,SDP,28,47,95,18,11,5,0,2,5,5,0,20,2,1,2,1,3,0,0.189,0.048,0.19,0.25,0.243,0.305,0.548,0.116,4.0,0.216,,,,0.5,6,-5.9,0.242,58,0.79,0.22399999999999998,0.342,0.434,0.091,0.061,2,0.077,0,0.0,0.41,0.462,0.128,0.115,0.59,0.295,-0.94,-2.24,1.29,-8.18,-0.85,1.07,1.9,2,-0.75,-0.13,56,87,77,77,76,75,74,112,81,115,101,132,53,78,90.4,105.2,111.2,13.3,6,0.077,38,0.48700000000000004,0.253,0.398,0.307,0.344,0.647,0.509,0.597,0.885,0.7959999999999999,0.544,18.2
13,2024,BAL,6,33,66,11,8,2,0,1,1,4,0,22,1,0,0,0,0,0,0.167,0.055999999999999994,0.31,0.18,0.225,0.242,0.468,0.076,0.1,0.233,,,,-0.1,3,-5.6,0.213,37,0.76,0.159,0.364,0.47700000000000004,0.048,0.048,1,0.063,0,0.0,0.455,0.455,0.091,0.114,0.659,0.22699999999999998,-1.43,-2.44,1.01,-7.41,-0.8,1.69,2.53,4,-0.63,-0.21,69,137,70,73,61,49,81,82,88,122,111,129,38,44,87.1,101.1,108.6,17.4,5,0.114,13,0.295,0.187,0.33,0.255,0.38,0.708,0.526,0.386,0.871,0.6759999999999999,0.444,18.3
14,2024,CLE,45,182,345,82,55,18,0,9,39,35,5,88,3,2,2,5,8,0,0.238,0.09,0.22699999999999998,0.4,0.312,0.368,0.68,0.13,4.1,0.292,,,,0.9,41,-4.4,0.296,94,1.05,0.17600000000000002,0.42200000000000004,0.402,0.09699999999999999,0.087,11,0.102,0,0.0,0.433,0.322,0.245,0.165,0.575,0.261,-0.15,-7.52,7.36,-4.3,-0.45,1.12,1.39,20,-0.34,0.21,111,101,99,101,93,84,102,90,102,103,106,92,102,261,88.2,103.3,109.9,13.6,13,0.05,88,0.337,0.215,0.349,0.279,0.34700000000000003,0.672,0.505,0.55,0.853,0.747,0.488,19.3
15,2024,DET,15,119,228,51,33,15,0,3,21,31,2,81,3,2,0,5,4,1,0.224,0.11699999999999999,0.307,0.38,0.322,0.329,0.651,0.105,3.1,0.329,,,,-0.1,27,-4.1,0.291,88,0.85,0.25,0.345,0.405,0.133,0.05,3,0.059000000000000004,0,0.0,0.349,0.349,0.302,0.201,0.564,0.235,-0.03,-4.76,4.73,-8.71,-0.92,1.08,1.36,17,-0.75,0.73,145,136,93,104,83,68,115,128,83,104,86,99,125,149,88.9,103.4,110.8,17.0,8,0.054000000000000006,51,0.342,0.209,0.321,0.284,0.27699999999999997,0.6890000000000001,0.479,0.474,0.78,0.6890000000000001,0.49,18.8
16,2024,KCR,22,95,199,46,39,4,1,2,15,13,0,48,3,1,0,3,5,3,0.231,0.06,0.222,0.27,0.287,0.291,0.578,0.06,4.1,0.293,,,,-0.6,17,-8.7,0.26,64,1.05,0.204,0.408,0.38799999999999996,0.102,0.034,5,0.081,0,0.0,0.428,0.355,0.217,0.11800000000000001,0.526,0.355,-1.33,-4.66,3.33,-11.86,-1.21,1.11,1.37,5,-1.1,-0.1,74,98,96,93,74,39,103,105,98,99,105,101,90,152,92.7,106.4,114.7,13.3,12,0.079,73,0.48,0.248,0.387,0.304,0.34,0.662,0.502,0.617,0.878,0.79,0.503,19.8
17,2024,NYY,66,218,465,106,64,20,0,22,67,76,7,121,6,5,2,11,15,2,0.228,0.13699999999999998,0.218,0.63,0.341,0.413,0.753,0.185,4.2,0.257,,,,1.1,73,7.9,0.327,116,1.12,0.209,0.418,0.37200000000000005,0.12300000000000001,0.16899999999999998,7,0.048,0,0.0,0.379,0.359,0.262,0.12,0.519,0.36200000000000004,1.34,-10.45,11.79,5.42,0.58,1.15,2.66,3,1.27,-0.1,169,97,95,110,105,119,90,107,101,95,93,102,109,351,92.2,107.9,119.5,13.3,41,0.11699999999999999,173,0.493,0.263,0.481,0.369,0.242,0.606,0.42200000000000004,0.5329999999999999,0.835,0.747,0.495,18.7
18,2024,ATL,47,29,66,13,9,2,0,2,4,1,0,23,0,1,0,0,1,0,0.197,0.015,0.33799999999999997,0.04,0.206,0.318,0.524,0.121,3.3,0.262,,,,0.1,3,-4.7,0.224,42,0.83,0.25,0.341,0.409,0.111,0.111,0,0.0,0,0.0,0.545,0.182,0.273,0.068,0.636,0.295,-0.56,-1.12,0.56,-4.23,-0.46,0.82,1.35,1,-0.55,-0.13,18,150,80,65,79,77,89,126,79,110,135,52,112,44,90.3,105.3,109.3,17.1,4,0.091,17,0.386,0.237,0.439,0.289,0.419,0.6559999999999999,0.5329999999999999,0.544,0.866,0.7340000000000001,0.479,19.2
19,2024,HOU,105,35,62,12,11,1,0,0,3,5,0,15,2,1,1,3,1,0,0.194,0.07,0.21100000000000002,0.33,0.271,0.21,0.481,0.016,3.1,0.25,,,,0.1,4,-4.8,0.226,45,1.77,0.23399999999999999,0.489,0.27699999999999997,0.0,0.0,1,0.043,1,0.5,0.49,0.28600000000000003,0.22399999999999998,0.102,0.531,0.36700000000000005,-0.47,-1.7,1.23,-5.59,-0.59,1.47,1.62,4,-0.55,0.23,87,94,81,88,53,10,88,120,118,71,120,81,93,49,90.0,102.8,114.3,7.5,3,0.061,20,0.408,0.266,0.416,0.329,0.299,0.674,0.493,0.55,0.938,0.825,0.518,18.1
20,2024,LAD,122,251,531,126,82,15,2,27,95,74,3,123,7,7,5,5,14,3,0.237,0.11800000000000001,0.19699999999999998,0.6,0.334,0.426,0.76,0.188,5.3,0.255,,,,0.3,83,10.4,0.331,113,0.89,0.201,0.376,0.42200000000000004,0.138,0.155,14,0.09,1,0.125,0.395,0.364,0.24,0.171,0.517,0.312,2.49,-8.18,10.68,28.72,3.09,0.85,0.05,2,2.28,0.65,144,87,96,106,105,120,86,102,87,113,98,103,99,421,89.0,105.4,117.8,16.7,46,0.109,164,0.39,0.261,0.48,0.363,0.261,0.652,0.45,0.5539999999999999,0.843,0.7559999999999999,0.484,19.6
21,2024,MIL,31,46,99,26,16,5,0,5,11,5,0,21,1,1,0,3,5,1,0.263,0.047,0.198,0.24,0.302,0.465,0.767,0.202,4.5,0.284,,,,0.4,14,1.5,0.328,112,1.5,0.177,0.494,0.32899999999999996,0.192,0.192,3,0.077,0,0.0,0.405,0.316,0.278,0.19,0.519,0.29100000000000004,0.29,-2.27,2.56,-1.97,-0.2,1.15,1.51,1,-0.05,0.3,57,88,106,96,115,129,96,90,115,88,100,90,114,79,88.8,106.8,112.2,12.8,6,0.076,27,0.342,0.26,0.421,0.318,0.317,0.6779999999999999,0.493,0.667,0.865,0.8,0.488,19.5
22,2024,NYM,31,203,435,108,79,13,3,13,64,56,3,116,12,7,0,8,6,0,0.248,0.11,0.22699999999999998,0.48,0.345,0.382,0.727,0.133,5.1,0.304,,,,0.1,64,4.4,0.321,109,0.88,0.248,0.353,0.39899999999999997,0.1,0.1,12,0.10400000000000001,0,0.0,0.369,0.385,0.24600000000000002,0.145,0.505,0.35100000000000003,1.86,-7.23,9.09,9.33,0.99,0.88,0.9,9,0.76,1.37,133,101,101,109,94,85,103,126,82,107,91,109,101,326,89.7,106.1,113.9,16.1,33,0.10099999999999999,138,0.423,0.262,0.425,0.35,0.312,0.669,0.485,0.503,0.8390000000000001,0.728,0.486,19.2
23,2024,PHI,38,66,129,24,16,4,1,3,12,16,0,38,4,0,0,1,3,1,0.186,0.107,0.255,0.42,0.295,0.302,0.598,0.116,4.9,0.239,,,,-0.1,13,-4.4,0.274,73,1.05,0.14300000000000002,0.44,0.418,0.132,0.079,3,0.075,0,0.0,0.473,0.275,0.253,0.198,0.462,0.341,0.05,-2.72,2.77,-4.84,-0.53,1.03,0.98,7,-0.25,0.3,130,113,75,94,75,74,81,72,102,112,117,78,104,91,89.1,106.8,115.8,12.4,9,0.099,33,0.363,0.201,0.37,0.304,0.331,0.638,0.47200000000000003,0.48100000000000004,0.835,0.701,0.45799999999999996,19.4
24,2024,SDP,28,103,227,51,30,8,2,11,30,14,1,43,2,2,0,5,0,0,0.225,0.057,0.17600000000000002,0.33,0.273,0.423,0.696,0.198,3.2,0.229,,,,-0.4,26,-2.4,0.298,94,0.92,0.136,0.413,0.451,0.10800000000000001,0.133,7,0.092,1,0.5,0.452,0.355,0.19399999999999998,0.161,0.46799999999999997,0.371,0.07,-3.17,3.24,2.01,0.21,0.75,1.04,3,0.25,-0.16,69,78,91,87,105,126,77,69,96,121,112,101,79,186,90.2,105.0,118.9,15.4,23,0.124,78,0.419,0.263,0.474,0.339,0.312,0.674,0.49,0.601,0.877,0.787,0.491,18.6
25,2023,BAL,6,52,103,25,16,6,0,3,11,9,0,23,0,1,0,2,0,1,0.243,0.08,0.204,0.39,0.301,0.388,0.689,0.146,1.7,0.282,,,,-0.6,12,-1.8,0.3,93,1.1,0.222,0.40700000000000003,0.37,0.16699999999999998,0.1,3,0.091,0,0.0,0.40700000000000003,0.358,0.235,0.198,0.494,0.309,-0.68,-2.02,1.34,-2.69,-0.25,0.88,1.04,5,-0.35,-0.43,95,88,98,95,94,88,95,112,97,98,99,104,97,81,90.1,106.2,110.8,14.5,10,0.12300000000000001,34,0.42,0.285,0.51,0.364,0.285,0.6940000000000001,0.505,0.614,0.845,0.784,0.537,19.9
26,2023,MIN,12,97,184,37,23,7,0,7,18,27,0,73,5,0,1,6,1,0,0.201,0.124,0.336,0.37,0.319,0.353,0.673,0.152,2.0,0.288,,,,-0.2,24,-2.8,0.303,90,1.25,0.16699999999999998,0.46299999999999997,0.37,0.125,0.175,3,0.06,0,0.0,0.5710000000000001,0.24100000000000002,0.188,0.125,0.455,0.42,-0.81,-3.38,2.57,-8.14,-0.83,0.78,0.98,9,-0.44,-0.6,149,145,81,101,86,92,97,84,110,98,139,70,77,112,92.1,105.7,111.1,13.2,9,0.08,58,0.518,0.21,0.347,0.305,0.28600000000000003,0.637,0.45,0.439,0.797,0.675,0.466,20.2
27,2023,TBR,34,31,65,14,12,2,0,0,1,1,0,18,0,0,1,2,0,0,0.215,0.015,0.265,0.06,0.227,0.246,0.473,0.031,0.1,0.298,,,,-0.1,2,-6.2,0.209,32,1.33,0.239,0.435,0.326,0.133,0.0,1,0.05,0,0.0,0.396,0.396,0.20800000000000002,0.10400000000000001,0.625,0.271,-0.62,-0.95,0.33,-7.42,-0.8,0.65,0.25,4,-0.57,-0.39,18,114,87,72,60,19,101,120,103,86,96,115,86,49,88.1,104.3,108.1,12.7,1,0.02,14,0.28600000000000003,0.21,0.292,0.224,0.318,0.705,0.51,0.429,0.868,0.7290000000000001,0.494,20.6
28,2023,TEX,25,245,600,151,89,29,3,30,97,66,3,148,7,2,0,11,10,0,0.252,0.098,0.21899999999999997,0.45,0.332,0.46,0.792,0.208,5.3,0.285,,,,0.8,94,12.2,0.34,118,0.91,0.166,0.397,0.43700000000000006,0.11599999999999999,0.152,13,0.07200000000000001,0,0.0,0.401,0.35700000000000004,0.242,0.163,0.441,0.396,2.0,-9.3,11.3,17.94,1.85,0.81,0.01,2,1.1,1.36,117,95,102,105,112,126,96,83,94,115,97,103,100,454,89.9,105.9,116.0,15.6,58,0.128,191,0.42100000000000004,0.255,0.472,0.346,0.28300000000000003,0.6729999999999999,0.47200000000000003,0.5429999999999999,0.86,0.763,0.48700000000000004,19.3
29,2023,TOR,44,32,66,15,14,1,0,0,1,5,0,19,1,0,1,1,0,0,0.227,0.068,0.26,0.26,0.292,0.242,0.534,0.015,0.1,0.319,,,,-0.2,4,-4.5,0.247,54,0.76,0.213,0.34,0.447,0.095,0.0,4,0.25,0,0.0,0.313,0.292,0.396,0.22899999999999998,0.41700000000000004,0.354,-1.0,-1.83,0.82,-8.02,-0.82,1.22,2.1,2,-0.54,-0.28,82,112,92,92,59,9,108,107,81,118,76,85,163,48,87.3,104.0,111.8,15.5,3,0.063,18,0.375,0.26,0.387,0.313,0.324,0.65,0.518,0.556,0.8490000000000001,0.775,0.595,20.4
30,2023,ARI,21,272,575,146,98,25,2,21,73,56,3,157,3,6,9,10,23,4,0.254,0.086,0.242,0.36,0.32,0.414,0.734,0.16,5.2,0.31,,,,1.7,78,-0.8,0.317,97,1.39,0.188,0.473,0.34,0.11900000000000001,0.147,12,0.06,2,0.16699999999999998,0.42700000000000005,0.363,0.21,0.141,0.527,0.33299999999999996,-0.35,-10.32,9.97,-6.39,-0.61,0.89,1.01,13,-0.25,-0.15,98,108,102,99,99,96,104,93,110,92,104,105,86,433,89.7,106.5,115.7,9.7,40,0.092,178,0.41100000000000003,0.251,0.407,0.318,0.293,0.632,0.46799999999999997,0.55,0.8590000000000001,0.765,0.515,19.9
31,2023,ATL,47,64,129,24,20,1,0,3,8,11,0,34,1,0,0,2,2,1,0.186,0.078,0.24100000000000002,0.32,0.255,0.264,0.519,0.078,2.4,0.228,,,,-0.3,8,-9.6,0.236,45,1.19,0.147,0.46299999999999997,0.389,0.10800000000000001,0.081,2,0.045,0,0.0,0.358,0.389,0.253,0.13699999999999998,0.579,0.284,-0.76,-3.01,2.25,-11.24,-1.1,1.1,1.84,7,-0.84,0.15,89,108,74,79,63,47,77,73,108,105,87,112,104,95,90.8,105.3,112.7,12.3,4,0.042,44,0.46299999999999997,0.22,0.328,0.273,0.371,0.659,0.507,0.593,0.884,0.7709999999999999,0.473,20.2
32,2023,MIA,7,33,62,12,9,3,0,0,2,1,0,16,1,0,0,3,0,1,0.194,0.016,0.25,0.06,0.219,0.242,0.461,0.048,1.5,0.261,,,,-0.5,2,-6.0,0.205,25,2.08,0.13,0.5870000000000001,0.28300000000000003,0.154,0.0,1,0.037000000000000005,0,0.0,0.5429999999999999,0.326,0.13,0.174,0.5,0.326,-0.75,-1.2,0.44,-7.54,-0.74,0.79,1.38,3,-0.81,-0.14,18,112,77,68,58,29,88,65,137,76,133,94,54,46,87.1,104.8,108.4,7.0,3,0.065,17,0.37,0.195,0.299,0.225,0.326,0.65,0.48200000000000004,0.524,0.833,0.725,0.48200000000000004,19.8
33,2023,HOU,105,168,381,96,62,12,2,20,53,37,2,84,5,2,1,4,4,0,0.252,0.087,0.19699999999999998,0.44,0.325,0.451,0.776,0.199,4.3,0.272,,,,0.0,57,5.5,0.333,113,0.96,0.20199999999999999,0.391,0.40700000000000003,0.091,0.165,9,0.078,1,0.33299999999999996,0.433,0.34,0.22699999999999998,0.147,0.507,0.34700000000000003,0.15,-6.47,6.62,2.61,0.23,0.87,2.03,8,0.56,-0.39,104,85,102,102,110,121,92,101,93,107,105,99,93,300,89.3,105.7,114.8,15.1,38,0.127,129,0.43,0.277,0.513,0.37,0.31,0.66,0.479,0.629,0.873,0.7909999999999999,0.48100000000000004,20.0
34,2023,LAD,122,54,96,17,13,2,1,1,6,9,0,23,0,0,0,3,0,0,0.177,0.086,0.21899999999999997,0.39,0.248,0.25,0.498,0.073,2.5,0.222,,,,-0.2,5,-8.0,0.227,39,1.31,0.17800000000000002,0.466,0.35600000000000004,0.0,0.038,2,0.059000000000000004,0,0.0,0.479,0.32899999999999996,0.192,0.040999999999999995,0.63,0.32899999999999996,-0.82,-1.8,0.98,-7.72,-0.78,0.84,1.77,9,-0.78,-0.2,97,98,71,77,60,44,75,89,109,96,117,95,79,73,88.4,102.8,110.4,9.8,6,0.08199999999999999,28,0.384,0.221,0.348,0.281,0.31,0.648,0.483,0.569,0.835,0.7509999999999999,0.512,18.7
35,2023,MIL,31,35,68,21,18,2,0,1,5,7,0,19,2,1,1,3,1,0,0.309,0.08900000000000001,0.24100000000000002,0.37,0.385,0.382,0.767,0.074,2.6,0.408,,,,0.0,11,1.4,0.342,115,1.83,0.306,0.449,0.245,0.083,0.083,3,0.136,1,0.5,0.373,0.41200000000000003,0.21600000000000003,0.157,0.627,0.21600000000000003,-0.63,-2.16,1.54,-4.49,-0.44,1.41,1.61,2,-0.09,-0.35,101,108,124,119,92,44,137,152,105,66,91,119,89,51,88.3,103.1,108.8,6.9,3,0.059000000000000004,17,0.33299999999999996,0.275,0.387,0.331,0.33799999999999997,0.654,0.502,0.58,0.8170000000000001,0.74,0.518,19.9
36,2023,PHI,38,190,418,105,55,25,1,24,61,50,5,120,3,3,1,9,16,3,0.251,0.105,0.252,0.42,0.333,0.488,0.821,0.237,4.9,0.292,,,,1.1,69,11.5,0.347,117,0.88,0.196,0.375,0.429,0.11599999999999999,0.18600000000000003,6,0.053,0,0.0,0.414,0.331,0.255,0.159,0.45399999999999996,0.387,-0.25,-7.44,7.19,2.09,0.21,0.8,0.65,7,1.25,-1.57,119,113,100,103,117,142,98,98,87,116,101,96,105,303,90.8,108.2,117.1,14.7,45,0.149,142,0.469,0.259,0.511,0.362,0.309,0.672,0.48,0.485,0.813,0.701,0.469,19.7
37,2022,CLE,45,106,254,57,45,7,0,5,17,12,0,71,4,1,0,6,4,0,0.224,0.044000000000000004,0.262,0.17,0.269,0.311,0.58,0.087,3.2,0.291,,,,0.5,20,-11.0,0.259,67,1.48,0.154,0.505,0.341,0.09699999999999999,0.081,6,0.065,1,0.5,0.38,0.348,0.272,0.27699999999999997,0.473,0.25,-1.19,-6.61,5.42,-14.69,-1.57,1.31,1.43,7,-1.23,0.32,56,118,93,87,79,58,100,78,118,91,95,99,110,184,86.6,104.0,111.5,9.5,3,0.016,42,0.228,0.213,0.284,0.243,0.39799999999999996,0.67,0.524,0.5579999999999999,0.83,0.7190000000000001,0.46299999999999997,23.4
38,2022,NYY,66,131,284,49,30,7,0,12,29,27,0,103,5,2,0,3,5,2,0.173,0.085,0.324,0.26,0.255,0.324,0.579,0.151,3.4,0.216,,,,-0.1,24,-12.8,0.259,66,1.1,0.16399999999999998,0.43700000000000006,0.39899999999999997,0.11,0.16399999999999998,2,0.025,0,0.0,0.38299999999999995,0.39299999999999996,0.22399999999999998,0.158,0.53,0.311,-1.06,-5.67,4.62,-8.56,-0.92,0.94,1.7,4,-0.61,-0.52,107,146,71,82,83,101,75,83,102,106,95,112,90,183,90.5,106.9,113.7,14.8,16,0.087,64,0.35,0.192,0.37,0.276,0.306,0.621,0.46,0.507,0.795,0.6970000000000001,0.488,24.5
39,2022,SEA,17,79,202,45,26,14,1,4,23,17,2,59,3,1,0,2,1,1,0.223,0.076,0.265,0.29,0.291,0.361,0.653,0.139,3.5,0.293,,,,-0.4,21,-4.3,0.285,91,1.21,0.188,0.444,0.368,0.151,0.075,0,0.0,0,0.0,0.431,0.285,0.285,0.215,0.47200000000000003,0.313,-1.04,-4.71,3.66,-1.59,-0.22,1.16,1.61,2,-0.38,-0.52,96,119,92,94,92,93,101,95,104,98,107,81,115,144,88.1,106.3,115.8,11.5,12,0.083,54,0.375,0.233,0.34,0.284,0.304,0.698,0.493,0.42,0.836,0.703,0.48100000000000004,26.4
40,2022,TBR,34,34,78,9,8,0,0,1,1,6,0,29,0,0,0,2,2,1,0.115,0.071,0.345,0.21,0.179,0.154,0.332,0.038,2.7,0.167,,,,-0.1,-1,-10.1,0.158,1,1.05,0.122,0.449,0.429,0.095,0.048,1,0.045,0,0.0,0.28600000000000003,0.653,0.061,0.184,0.5920000000000001,0.22399999999999998,-1.99,-3.05,1.07,-10.42,-1.11,1.66,2.1,3,-1.09,-0.11,90,155,48,58,39,26,58,62,105,114,71,187,25,49,84.8,102.5,107.5,13.4,3,0.061,15,0.306,0.157,0.254,0.213,0.37,0.648,0.507,0.612,0.789,0.7240000000000001,0.493,22.0
41,2022,TOR,44,32,70,19,12,5,0,2,9,4,1,15,3,1,0,2,2,0,0.271,0.051,0.192,0.27,0.333,0.429,0.762,0.157,4.8,0.315,,,,0.3,10,1.0,0.328,115,1.42,0.179,0.48200000000000004,0.33899999999999997,0.158,0.105,1,0.037000000000000005,0,0.0,0.33899999999999997,0.41100000000000003,0.25,0.179,0.429,0.39299999999999996,-0.3,-1.15,0.85,0.58,0.06,0.76,,0,0.0,-0.38,64,87,112,108,109,105,109,90,113,90,84,117,101,56,88.2,105.7,113.7,12.1,3,0.054000000000000006,20,0.35700000000000004,0.244,0.382,0.309,0.426,0.6729999999999999,0.546,0.58,0.8540000000000001,0.7440000000000001,0.486,23.1
42,2022,ATL,47,61,128,23,12,6,0,5,13,11,0,43,1,0,0,1,1,0,0.18,0.079,0.307,0.26,0.25,0.344,0.594,0.164,3.1,0.225,,,,0.1,11,-5.2,0.263,68,1.24,0.106,0.494,0.4,0.147,0.147,3,0.071,0,0.0,0.435,0.4,0.165,0.141,0.424,0.435,-0.55,-2.03,1.48,-4.67,-0.48,0.76,0.64,4,-0.78,0.06,94,136,74,80,86,106,77,53,115,109,107,115,67,85,91.5,105.7,112.8,11.7,9,0.106,43,0.506,0.197,0.354,0.274,0.304,0.644,0.47200000000000003,0.451,0.847,0.718,0.494,24.3
43,2022,HOU,105,196,455,106,69,20,0,17,53,35,2,118,11,2,2,9,5,2,0.233,0.069,0.23399999999999999,0.3,0.302,0.389,0.691,0.156,3.0,0.276,,,,-0.3,55,-2.3,0.304,99,0.95,0.204,0.38799999999999996,0.408,0.13,0.12300000000000001,8,0.061,0,0.0,0.431,0.34600000000000003,0.223,0.252,0.49,0.258,0.36,-9.34,9.7,-4.2,-0.47,1.05,2.19,10,-0.58,0.92,87,105,96,98,99,105,95,103,91,109,107,99,90,341,86.5,103.9,116.7,15.8,23,0.067,110,0.32299999999999995,0.227,0.377,0.299,0.35,0.731,0.53,0.551,0.833,0.735,0.474,25.1
44,2022,LAD,122,62,132,30,15,11,0,4,12,14,1,44,1,2,0,1,2,1,0.227,0.094,0.295,0.32,0.302,0.402,0.704,0.174,2.7,0.302,,,,-0.1,17,-0.4,0.305,99,0.48,0.16899999999999998,0.27,0.562,0.16,0.08,1,0.042,1,1.0,0.4,0.35600000000000004,0.244,0.18899999999999997,0.478,0.33299999999999996,-0.76,-3.34,2.58,-4.04,-0.45,1.16,1.76,3,-0.04,-0.62,112,131,94,96,101,112,104,84,63,153,98,103,99,90,91.2,104.8,110.8,25.1,8,0.08900000000000001,43,0.478,0.204,0.365,0.29,0.27699999999999997,0.605,0.447,0.513,0.795,0.711,0.52,25.1
45,2022,NYM,31,48,92,17,11,2,1,3,8,11,0,22,2,1,0,2,3,0,0.185,0.10400000000000001,0.20800000000000002,0.5,0.283,0.326,0.609,0.141,5.9,0.206,,,,0.5,9,-3.0,0.274,79,0.87,0.183,0.38,0.43700000000000006,0.09699999999999999,0.09699999999999999,2,0.07400000000000001,0,0.0,0.366,0.282,0.35200000000000004,0.16899999999999998,0.465,0.366,-0.14,-1.29,1.14,-3.1,-0.35,0.67,0.13,3,-0.12,-0.09,124,92,76,90,82,91,71,91,88,119,90,81,143,71,88.3,103.3,110.1,16.4,10,0.141,27,0.38,0.239,0.425,0.334,0.33,0.645,0.49,0.557,0.857,0.757,0.506,27.3
46,2022,PHI,38,262,536,113,60,29,0,24,75,53,5,165,9,5,4,11,6,1,0.211,0.087,0.272,0.32,0.29,0.399,0.689,0.188,3.7,0.253,,,,0.3,65,-4.8,0.299,92,0.8,0.19699999999999998,0.35600000000000004,0.447,0.107,0.14300000000000002,7,0.052000000000000005,0,0.0,0.426,0.303,0.271,0.17600000000000002,0.547,0.276,0.99,-9.21,10.2,3.51,0.33,0.87,0.75,7,-0.12,1.26,104,120,87,92,100,122,87,98,83,121,105,87,110,380,89.3,105.5,119.7,16.6,36,0.095,148,0.389,0.224,0.4,0.307,0.341,0.655,0.494,0.611,0.8320000000000001,0.754,0.488,25.8
47,2022,STL,19,33,65,12,11,0,0,1,3,5,0,15,1,0,0,1,0,0,0.185,0.07,0.21100000000000002,0.33,0.254,0.231,0.484,0.046,0.3,0.224,,,,-0.1,3,-4.8,0.225,44,1.11,0.2,0.42,0.38,0.158,0.053,0,0.0,0,0.0,0.44,0.32,0.24,0.12,0.42,0.46,-0.66,-1.67,1.01,-5.12,-0.56,1.16,0.98,2,-0.36,-0.21,84,93,76,81,58,30,77,100,97,103,108,92,98,50,88.7,103.3,112.0,15.1,4,0.08,22,0.44,0.256,0.439,0.331,0.325,0.639,0.478,0.72,0.84,0.799,0.488,24.0
48,2022,SDP,28,163,402,90,63,12,0,15,50,33,1,125,5,1,3,2,3,2,0.224,0.07400000000000001,0.282,0.26,0.29,0.366,0.656,0.142,2.8,0.285,,,,-0.6,44,-7.0,0.29,89,1.19,0.156,0.45799999999999996,0.385,0.179,0.142,15,0.11900000000000001,0,0.0,0.484,0.249,0.267,0.203,0.484,0.313,0.34,-7.69,8.03,1.75,0.23,1.01,2.97,3,0.34,0.0,89,124,92,93,92,91,98,78,106,105,119,72,109,281,89.5,106.0,115.3,11.5,29,0.10300000000000001,116,0.413,0.217,0.375,0.291,0.278,0.626,0.457,0.513,0.821,0.73,0.515,24.6
49,2021,BOS,35,180,390,105,64,17,2,22,60,37,0,89,2,1,3,13,3,1,0.269,0.085,0.20600000000000002,0.42,0.335,0.492,0.827,0.223,3.9,0.296,,,,-0.2,66,13.5,0.353,119,0.95,0.14300000000000002,0.419,0.439,0.14400000000000002,0.16699999999999998,6,0.048,0,0.0,0.4,0.35100000000000003,0.249,0.154,0.518,0.32799999999999996,0.16,-6.93,7.08,6.81,0.71,0.87,1.48,10,0.52,-0.34,101,90,109,106,118,131,102,70,99,118,99,101,100,305,91.9,107.4,115.6,15.4,37,0.121,141,0.462,0.25,0.475,0.34,0.298,0.6940000000000001,0.48700000000000004,0.5479999999999999,0.875,0.7709999999999999,0.47700000000000004,26.2
50,2021,CHW,7,63,141,41,35,3,0,3,18,12,0,39,4,1,0,5,0,1,0.291,0.076,0.247,0.31,0.361,0.376,0.737,0.085,1.8,0.38,,,,-0.6,21,1.7,0.327,107,2.5,0.252,0.534,0.214,0.0,0.136,5,0.091,0,0.0,0.35,0.41700000000000004,0.233,0.175,0.621,0.204,0.34,-1.91,2.25,0.26,0.02,0.75,0.83,2,0.27,0.19,90,108,118,114,90,50,130,123,126,58,87,120,93,103,86.4,103.8,111.1,3.4,3,0.028999999999999998,29,0.282,0.253,0.342,0.3,0.287,0.688,0.47700000000000004,0.48700000000000004,0.818,0.7140000000000001,0.475,25.7
51,2021,NYY,66,16,32,6,4,0,0,2,2,0,0,11,0,0,0,0,0,0,0.188,0.0,0.344,0.0,0.188,0.375,0.563,0.188,0.1,0.211,,,,0.0,2,-2.1,0.235,54,0.29,0.14300000000000002,0.19,0.667,0.0,0.14300000000000002,2,0.5,0,0.0,0.381,0.28600000000000003,0.33299999999999996,0.23800000000000002,0.28600000000000003,0.47600000000000003,-0.32,-0.47,0.14,-3.14,-0.29,0.63,0.65,2,-0.45,-0.06,0,150,76,59,90,110,72,70,45,180,95,82,133,21,92.6,109.5,114.9,20.0,4,0.19,11,0.524,0.202,0.543,0.306,0.308,0.73,0.584,0.33299999999999996,0.87,0.773,0.655,26.0
52,2021,TBR,34,71,147,31,14,10,0,7,20,11,1,46,0,0,0,1,2,1,0.211,0.07,0.29100000000000004,0.24,0.266,0.422,0.688,0.211,3.8,0.255,,,,-0.1,16,-3.1,0.291,89,0.87,0.149,0.396,0.455,0.043,0.152,3,0.075,0,0.0,0.366,0.34700000000000003,0.287,0.149,0.485,0.366,-0.44,-3.36,2.93,-0.52,-0.01,1.11,0.73,5,-0.35,-0.05,82,127,86,84,101,124,88,72,93,123,91,100,115,101,89.4,106.2,111.1,12.6,13,0.129,41,0.406,0.223,0.446,0.308,0.33,0.7490000000000001,0.546,0.495,0.845,0.743,0.515,25.7
53,2021,ATL,47,252,533,131,86,20,2,23,65,49,5,162,4,2,0,9,6,1,0.246,0.083,0.276,0.3,0.313,0.42,0.733,0.174,3.8,0.309,,,,0.3,71,-0.1,0.314,94,1.02,0.19699999999999998,0.405,0.397,0.109,0.156,10,0.067,1,0.33299999999999996,0.46399999999999997,0.3,0.23600000000000002,0.161,0.528,0.311,0.88,-9.35,10.23,-5.6,-0.53,0.91,1.21,28,0.17,0.81,91,124,99,96,100,102,105,94,95,109,115,86,96,373,89.7,106.3,115.8,14.8,39,0.105,157,0.42100000000000004,0.244,0.436,0.321,0.299,0.715,0.502,0.524,0.809,0.722,0.489,26.3
54,2021,HOU,105,259,546,142,103,22,2,15,87,55,7,139,7,5,2,12,12,0,0.26,0.08900000000000001,0.226,0.4,0.333,0.39,0.723,0.13,5.5,0.32,,,,1.9,73,-1.2,0.312,98,1.11,0.20600000000000002,0.41700000000000004,0.376,0.129,0.09699999999999999,13,0.076,0,0.0,0.396,0.345,0.258,0.162,0.5720000000000001,0.266,1.05,-8.53,9.57,14.56,1.44,0.84,1.14,18,0.46,0.79,106,99,106,105,94,77,110,101,98,102,98,99,103,414,89.1,104.3,116.3,13.8,28,0.068,151,0.365,0.239,0.382,0.304,0.273,0.662,0.45799999999999996,0.529,0.862,0.758,0.47600000000000003,26.7
55,2021,LAD,122,211,401,98,67,17,0,14,48,38,5,100,3,2,3,7,16,0,0.244,0.085,0.22399999999999998,0.38,0.313,0.392,0.705,0.147,4.8,0.291,,,,2.8,49,-4.7,0.303,90,1.13,0.209,0.42100000000000004,0.371,0.152,0.125,6,0.047,0,0.0,0.425,0.373,0.203,0.17,0.52,0.31,-0.91,-8.77,7.86,-3.49,-0.32,1.09,1.34,32,-0.61,-0.23,93,100,98,96,93,86,99,100,99,102,106,106,82,306,88.9,105.2,112.3,11.9,29,0.095,128,0.418,0.266,0.453,0.338,0.29600000000000004,0.6709999999999999,0.486,0.508,0.861,0.754,0.505,26.0
56,2021,MIL,31,64,125,24,19,3,0,2,6,9,0,48,3,0,1,3,2,0,0.192,0.065,0.348,0.19,0.263,0.264,0.527,0.072,2.9,0.293,,,,0.3,8,-8.7,0.24,46,1.25,0.28,0.4,0.32,0.042,0.083,2,0.067,0,0.0,0.37200000000000005,0.295,0.33299999999999996,0.231,0.5379999999999999,0.231,-1.31,-3.38,2.07,-12.43,-1.23,1.19,1.4,10,-1.11,0.02,71,156,77,81,63,42,100,134,94,88,92,84,135,78,86.9,104.6,110.7,11.7,3,0.038,24,0.308,0.208,0.297,0.26,0.321,0.6409999999999999,0.483,0.322,0.8640000000000001,0.6859999999999999,0.505,25.3
57,2021,STL,19,14,32,5,5,0,0,0,1,4,0,10,2,0,1,0,3,0,0.156,0.10300000000000001,0.256,0.4,0.289,0.156,0.446,0.0,4.6,0.227,,,,0.6,2,-3.0,0.226,39,1.83,0.22699999999999998,0.5,0.273,0.16699999999999998,0.0,0,0.0,0,0.0,0.478,0.217,0.304,0.261,0.609,0.13,-0.54,-1.14,0.6,-3.31,-0.35,1.56,,0,-0.2,-0.15,112,115,63,89,37,0,77,109,117,75,119,62,123,23,81.6,101.4,108.1,5.8,0,0.0,6,0.261,0.171,0.212,0.253,0.33299999999999996,0.648,0.5,0.654,0.649,0.6509999999999999,0.53,27.1
58,2021,SFG,10,83,159,29,20,4,0,5,10,6,0,49,0,1,0,1,0,0,0.182,0.036000000000000004,0.295,0.12,0.211,0.302,0.513,0.119,0.6,0.226,,,,-0.1,7,-12.8,0.221,40,0.68,0.198,0.324,0.47700000000000004,0.113,0.094,3,0.083,0,0.0,0.306,0.306,0.387,0.207,0.46799999999999997,0.324,-1.27,-2.84,1.57,-10.95,-1.16,0.88,0.81,15,-1.12,-0.33,39,132,73,65,72,70,77,95,76,131,76,87,157,111,87.3,103.4,110.1,20.5,13,0.11699999999999999,37,0.33299999999999996,0.208,0.386,0.265,0.27,0.713,0.509,0.622,0.772,0.735,0.539,24.7
59,2020,CHW,7,50,112,31,20,6,0,5,11,6,0,29,1,0,0,1,1,0,0.277,0.05,0.244,0.21,0.319,0.464,0.784,0.188,2.6,0.333,,,,0.1,16,1.6,0.335,113,1.21,0.253,0.41,0.337,0.071,0.179,1,0.028999999999999998,0,0.0,0.289,0.39799999999999996,0.313,0.12,0.59,0.289,-0.21,-2.12,1.92,-2.23,-0.23,0.99,0.61,2,0.17,-0.38,56,103,114,100,112,109,114,118,96,94,70,116,129,83,90.0,105.4,115.6,14.0,11,0.133,37,0.446,0.281,0.487,0.348,0.315,0.6890000000000001,0.49700000000000005,0.6,0.903,0.804,0.486,24.7
60,2020,CLE,45,35,71,18,8,9,0,1,12,8,0,25,1,0,0,2,0,0,0.254,0.1,0.313,0.32,0.338,0.423,0.76,0.169,2.3,0.378,,,,-0.1,11,0.8,0.331,110,0.89,0.244,0.35600000000000004,0.4,0.16699999999999998,0.055999999999999994,1,0.063,0,0.0,0.457,0.348,0.196,0.152,0.5,0.348,0.39,-1.49,1.88,1.81,0.17,1.06,2.85,3,-0.12,0.48,110,132,104,106,102,99,130,114,83,111,111,101,80,46,91.3,107.9,108.8,16.6,3,0.065,20,0.435,0.233,0.362,0.305,0.25,0.6779999999999999,0.48700000000000004,0.5429999999999999,0.805,0.745,0.5539999999999999,24.1
61,2020,MIN,12,34,59,7,5,2,0,0,2,10,0,14,0,0,0,1,1,1,0.119,0.145,0.203,0.71,0.246,0.153,0.399,0.034,1.8,0.156,,,,-0.3,2,-6.9,0.201,25,0.74,0.267,0.311,0.42200000000000004,0.053,0.0,0,0.0,0,0.0,0.311,0.267,0.42200000000000004,0.17800000000000002,0.667,0.156,-1.03,-1.88,0.85,-7.79,-0.75,1.33,2.17,2,-0.64,-0.14,160,85,49,77,37,20,53,124,73,118,75,78,174,45,86.2,105.9,114.7,17.3,3,0.067,13,0.289,0.216,0.302,0.293,0.245,0.648,0.457,0.629,0.816,0.768,0.526,25.9
62,2020,NYY,66,104,244,64,40,6,1,17,46,36,0,72,1,6,0,4,2,0,0.262,0.125,0.251,0.5,0.352,0.504,0.856,0.242,4.3,0.292,,,,0.2,46,10.2,0.362,131,1.18,0.18,0.444,0.376,0.10400000000000001,0.254,9,0.114,0,0.0,0.315,0.444,0.242,0.174,0.506,0.32,0.96,-4.49,5.45,13.45,1.28,0.99,1.66,4,1.04,-0.07,139,106,108,110,122,141,100,84,104,105,76,129,99,178,89.2,107.2,118.3,7.3,21,0.11800000000000001,76,0.42700000000000005,0.237,0.488,0.351,0.22899999999999998,0.626,0.426,0.466,0.846,0.743,0.496,24.8
63,2020,OAK,9,110,227,54,33,6,0,15,34,22,1,54,2,3,0,6,0,0,0.238,0.086,0.212,0.41,0.307,0.463,0.77,0.225,1.5,0.242,,,,-0.2,33,1.3,0.326,111,0.88,0.17600000000000002,0.386,0.43799999999999994,0.11699999999999999,0.195,3,0.044000000000000004,0,0.0,0.358,0.369,0.273,0.153,0.47200000000000003,0.375,1.13,-3.54,4.67,4.07,0.42,0.85,0.9,5,0.17,1.16,95,89,98,96,112,131,83,82,91,122,87,107,112,177,90.2,104.2,114.0,18.1,18,0.102,75,0.424,0.255,0.49,0.345,0.233,0.636,0.445,0.613,0.8640000000000001,0.8009999999999999,0.526,23.2
64,2020,TBR,34,324,639,135,82,17,2,34,79,63,3,220,8,2,1,11,4,5,0.211,0.08800000000000001,0.309,0.29,0.289,0.404,0.693,0.192,2.9,0.261,,,,-1.8,77,-12.4,0.298,93,1.28,0.155,0.475,0.37,0.12300000000000001,0.21899999999999997,12,0.06,2,0.667,0.436,0.341,0.223,0.175,0.462,0.363,0.18,-12.19,12.37,-6.61,-0.68,0.95,1.32,28,-0.27,0.46,98,130,87,91,97,112,90,72,111,103,106,99,92,422,89.8,105.9,112.6,10.3,44,0.10400000000000001,182,0.431,0.217,0.4,0.304,0.308,0.6559999999999999,0.478,0.507,0.7859999999999999,0.6940000000000001,0.488,24.3
65,2020,TOR,44,32,64,12,8,2,0,2,3,3,0,23,1,1,0,1,0,0,0.188,0.043,0.33299999999999996,0.13,0.232,0.313,0.544,0.125,0.1,0.25,,,,0.0,4,-4.8,0.237,41,1.06,0.214,0.405,0.381,0.063,0.125,0,0.0,0,0.0,0.381,0.405,0.214,0.095,0.381,0.524,-0.67,-1.19,0.52,-5.86,-0.61,0.83,1.9,2,-0.57,-0.25,48,140,77,73,75,73,86,100,95,106,92,118,88,42,91.3,103.8,106.8,14.6,4,0.095,20,0.47600000000000003,0.218,0.389,0.284,0.301,0.664,0.46799999999999997,0.442,0.802,0.677,0.46,24.3
66,2020,ATL,47,188,415,99,60,21,2,16,57,43,3,127,5,3,0,4,7,0,0.239,0.092,0.273,0.34,0.315,0.414,0.73,0.176,5.1,0.302,,,,1.1,56,-2.3,0.314,93,1.0,0.223,0.38799999999999996,0.38799999999999996,0.106,0.142,7,0.062,0,0.0,0.405,0.361,0.23399999999999999,0.158,0.519,0.32299999999999995,-1.98,-8.65,6.67,0.62,0.08,0.9,1.59,8,-0.72,-1.49,100,118,97,97,98,101,103,103,91,110,100,103,96,291,90.8,106.2,111.6,14.8,32,0.11,139,0.478,0.253,0.46,0.341,0.28600000000000003,0.7509999999999999,0.52,0.568,0.767,0.713,0.504,23.7
67,2020,CHC,47,30,62,9,6,2,0,1,1,5,0,16,4,0,0,0,0,0,0.145,0.07,0.225,0.31,0.254,0.226,0.479,0.081,0.1,0.178,,,,0.0,3,-5.5,0.228,42,0.65,0.174,0.326,0.5,0.087,0.043,0,0.0,0,0.0,0.196,0.435,0.37,0.196,0.609,0.196,-0.91,-1.65,0.74,-8.59,-0.84,1.14,1.0,3,-0.57,-0.24,76,98,59,78,54,46,61,80,76,141,48,125,151,46,85.1,99.4,107.9,23.1,1,0.022000000000000002,6,0.13,0.117,0.196,0.199,0.18600000000000003,0.6579999999999999,0.447,0.727,0.813,0.797,0.5529999999999999,20.2
68,2020,CIN,4,37,77,13,12,1,0,0,0,5,1,28,1,0,0,0,1,1,0.169,0.06,0.337,0.18,0.229,0.182,0.411,0.013,1.6,0.265,,,,-0.3,1,-9.3,0.187,9,1.64,0.245,0.469,0.28600000000000003,0.14300000000000002,0.0,2,0.087,0,0.0,0.49,0.22399999999999998,0.28600000000000003,0.14300000000000002,0.653,0.204,-3.29,-4.36,1.07,-12.3,-1.17,1.81,3.87,4,-1.63,-0.18,65,146,69,70,43,7,91,112,110,81,120,64,117,49,86.3,101.0,107.4,8.3,1,0.02,15,0.306,0.207,0.277,0.239,0.376,0.638,0.5,0.563,0.784,0.696,0.47200000000000003,23.4
69,2020,MIA,7,80,164,30,19,7,0,4,12,12,1,48,6,0,0,3,3,0,0.183,0.066,0.264,0.25,0.264,0.299,0.563,0.116,3.6,0.232,,,,0.5,12,-10.6,0.251,56,2.1,0.217,0.53,0.252,0.069,0.138,2,0.033,0,0.0,0.379,0.405,0.21600000000000003,0.198,0.509,0.293,-0.72,-3.3,2.58,-12.01,-1.19,0.91,0.41,6,-1.1,0.31,71,114,74,81,71,66,79,100,124,71,93,116,88,116,86.7,103.3,110.6,5.8,4,0.034,34,0.293,0.239,0.358,0.296,0.301,0.685,0.506,0.525,0.799,0.723,0.534,24.3
70,2020,HOU,105,190,437,118,87,9,0,22,62,48,2,95,8,2,1,16,1,3,0.27,0.09699999999999999,0.191,0.51,0.352,0.442,0.793,0.172,1.7,0.298,,,,-1.6,72,9.9,0.344,119,1.23,0.205,0.439,0.35700000000000004,0.09,0.18,11,0.073,0,0.0,0.41700000000000004,0.36200000000000004,0.22,0.171,0.496,0.33299999999999996,1.01,-9.29,10.3,4.78,0.52,1.07,1.38,8,1.48,-0.54,107,80,111,110,107,100,102,95,103,99,101,105,91,346,88.8,104.7,115.8,11.4,32,0.092,139,0.402,0.277,0.474,0.362,0.272,0.629,0.442,0.679,0.852,0.7959999999999999,0.47600000000000003,25.1
71,2020,LAD,122,285,602,153,88,33,2,30,101,83,4,167,7,4,1,8,10,1,0.254,0.11900000000000001,0.24,0.5,0.349,0.465,0.814,0.211,4.7,0.301,,,,1.0,104,17.0,0.349,120,0.88,0.20800000000000002,0.37,0.42200000000000004,0.076,0.162,8,0.049,0,0.0,0.418,0.366,0.21600000000000003,0.095,0.466,0.439,2.4,-9.11,11.51,23.08,2.29,0.8,0.83,20,2.36,0.65,128,104,103,107,110,121,103,95,86,119,103,105,88,440,92.0,106.4,113.6,16.2,51,0.11599999999999999,226,0.514,0.261,0.51,0.371,0.248,0.628,0.436,0.573,0.8240000000000001,0.752,0.495,25.3
72,2020,MIL,31,33,64,11,8,2,0,1,2,4,0,28,0,0,0,0,0,0,0.172,0.059000000000000004,0.41200000000000003,0.14,0.221,0.25,0.471,0.078,0.1,0.286,,,,0.0,2,-6.3,0.21,29,0.71,0.19399999999999998,0.33299999999999996,0.47200000000000003,0.059000000000000004,0.059000000000000004,0,0.0,0,0.0,0.33299999999999996,0.47200000000000003,0.19399999999999998,0.139,0.528,0.33299999999999996,-0.85,-1.48,0.63,-6.89,-0.71,0.99,0.84,6,-0.57,-0.28,63,178,70,68,59,45,98,89,78,133,82,135,80,36,90.4,104.3,114.1,17.1,2,0.055999999999999994,16,0.444,0.175,0.258,0.216,0.322,0.695,0.523,0.385,0.7240000000000001,0.628,0.5379999999999999,23.6
73,2020,STL,19,48,107,27,16,8,0,3,16,12,0,27,4,3,0,0,1,0,0.252,0.095,0.214,0.44,0.341,0.411,0.752,0.159,3.6,0.3,,,,0.1,17,0.8,0.327,108,1.3,0.16899999999999998,0.47,0.361,0.033,0.1,0,0.0,0,0.0,0.337,0.434,0.22899999999999998,0.205,0.47,0.325,0.02,-2.07,2.08,2.23,0.23,1.0,0.89,2,0.12,-0.1,103,93,102,105,98,91,102,77,110,102,83,124,94,83,87.4,101.2,108.8,8.8,7,0.084,31,0.373,0.244,0.399,0.332,0.267,0.66,0.455,0.535,0.863,0.763,0.478,24.1
74,2020,SDP,28,112,201,49,32,8,1,8,28,24,2,57,3,3,0,3,6,1,0.244,0.10400000000000001,0.247,0.42,0.329,0.413,0.742,0.169,5.3,0.295,,,,0.6,29,0.0,0.319,103,1.33,0.23800000000000002,0.435,0.327,0.146,0.16699999999999998,7,0.109,0,0.0,0.415,0.33299999999999996,0.252,0.204,0.374,0.42200000000000004,0.07,-4.48,4.55,1.77,0.17,1.12,0.67,4,0.38,-0.32,112,107,99,101,98,97,101,109,102,92,102,96,103,147,88.4,106.4,111.3,11.0,14,0.095,58,0.395,0.259,0.438,0.34,0.23399999999999999,0.638,0.436,0.564,0.8240000000000001,0.754,0.501,23.9
75,2019,MIN,12,47,101,22,12,6,0,4,7,11,0,35,1,0,0,3,1,0,0.218,0.09699999999999999,0.31,0.31,0.301,0.396,0.697,0.178,2.1,0.29,,,,0.1,12,-2.0,0.299,84,0.96,0.28800000000000003,0.348,0.364,0.25,0.16699999999999998,1,0.043,0,0.0,0.424,0.22699999999999998,0.348,0.22699999999999998,0.47,0.303,-0.65,-2.06,1.41,-7.99,-0.76,0.91,0.48,3,-0.26,-0.46,114,135,86,93,90,96,97,135,83,100,103,67,141,66,89.2,104.2,108.4,16.1,8,0.121,29,0.439,0.217,0.408,0.305,0.336,0.6509999999999999,0.47600000000000003,0.556,0.736,0.665,0.445,26.0
76,2019,NYY,66,141,305,73,45,13,0,15,44,39,0,91,2,1,0,5,7,0,0.239,0.11199999999999999,0.261,0.43,0.329,0.43,0.758,0.19,4.2,0.29,,,,1.2,45,1.2,0.324,102,0.63,0.205,0.307,0.488,0.14300000000000002,0.14300000000000002,5,0.076,0,0.0,0.419,0.326,0.256,0.205,0.53,0.265,-0.36,-5.73,5.37,0.79,0.07,0.93,2.34,1,0.03,-0.42,132,114,94,102,98,102,97,96,73,134,101,96,103,216,91.2,106.7,115.2,19.6,20,0.09300000000000001,83,0.384,0.236,0.454,0.334,0.34,0.669,0.498,0.532,0.851,0.737,0.479,26.1
77,2019,OAK,9,16,33,8,8,0,0,0,1,3,0,12,0,1,0,2,0,0,0.242,0.081,0.324,0.25,0.297,0.242,0.54,0.0,0.1,0.364,,,,0.0,2,-2.4,0.244,54,2.0,0.318,0.455,0.22699999999999998,0.0,0.0,1,0.1,0,0.0,0.5,0.22699999999999998,0.273,0.22699999999999998,0.682,0.091,-0.29,-0.67,0.38,-3.64,-0.37,0.96,2.25,1,-0.16,-0.14,95,142,96,92,55,0,122,150,108,62,121,67,110,22,80.9,93.6,105.8,6.5,0,0.0,2,0.091,0.218,0.257,0.242,0.254,0.607,0.445,0.556,0.765,0.71,0.542,25.1
78,2019,TBR,34,96,195,45,28,6,0,11,23,17,0,68,2,1,0,5,1,1,0.231,0.079,0.316,0.25,0.298,0.431,0.728,0.2,1.9,0.291,,,,-0.3,25,-2.3,0.308,95,1.18,0.14800000000000002,0.461,0.391,0.04,0.22,2,0.034,0,0.0,0.406,0.359,0.23399999999999999,0.14800000000000002,0.539,0.313,-0.47,-2.73,2.26,-3.83,-0.38,0.68,0.37,4,-0.15,-0.54,93,138,91,92,98,107,97,70,109,107,98,106,95,128,90.4,106.5,116.2,9.8,16,0.125,52,0.406,0.222,0.434,0.308,0.35600000000000004,0.6890000000000001,0.519,0.484,0.831,0.7090000000000001,0.489,25.0
79,2019,ATL,47,89,169,38,22,10,1,5,17,16,3,46,3,1,0,2,1,2,0.225,0.085,0.243,0.35,0.302,0.385,0.686,0.16,3.2,0.277,,,,-0.8,19,-5.2,0.288,74,1.15,0.179,0.439,0.382,0.149,0.106,6,0.111,0,0.0,0.46799999999999997,0.306,0.226,0.16899999999999998,0.532,0.298,-0.19,-3.89,3.7,-6.28,-0.63,1.15,1.55,14,-0.61,0.45,96,111,87,91,86,85,92,82,102,108,115,89,90,124,90.5,103.7,111.2,13.2,11,0.08900000000000001,47,0.379,0.222,0.421,0.303,0.27399999999999997,0.688,0.47200000000000003,0.537,0.8109999999999999,0.728,0.479,24.2
80,2019,HOU,105,276,616,144,94,25,0,25,71,66,4,154,2,2,1,11,11,1,0.234,0.096,0.22399999999999998,0.43,0.309,0.396,0.705,0.162,3.5,0.271,,,,1.4,75,-11.8,0.3,87,0.93,0.221,0.375,0.40299999999999997,0.091,0.134,19,0.11,1,0.25,0.441,0.353,0.20600000000000002,0.2,0.5379999999999999,0.262,-0.9,-10.79,9.89,-13.34,-1.35,0.84,0.69,19,-0.71,-0.36,113,98,92,96,90,87,91,104,89,111,107,104,83,465,88.9,104.8,116.8,14.2,34,0.073,169,0.363,0.264,0.462,0.339,0.31,0.632,0.46799999999999997,0.588,0.856,0.765,0.489,27.0
81,2019,LAD,122,81,173,38,20,9,0,9,22,20,3,64,1,1,0,1,5,0,0.22,0.10300000000000001,0.32799999999999996,0.31,0.303,0.428,0.73,0.208,4.4,0.287,,,,0.9,22,-2.7,0.303,88,0.65,0.17300000000000001,0.327,0.5,0.036000000000000004,0.16399999999999998,3,0.083,0,0.0,0.5,0.327,0.17300000000000001,0.127,0.46399999999999997,0.409,-0.28,-3.14,2.86,-0.84,-0.1,0.89,0.86,14,0.19,-0.5,116,150,85,91,96,111,96,80,76,141,123,95,69,110,92.0,106.8,114.9,18.3,18,0.16399999999999998,55,0.5,0.242,0.524,0.348,0.306,0.669,0.47200000000000003,0.43,0.867,0.7140000000000001,0.45799999999999996,26.1
82,2019,MIL,31,15,32,7,3,2,0,2,3,3,0,11,0,0,1,1,0,0,0.219,0.083,0.306,0.27,0.286,0.469,0.754,0.25,0.3,0.263,,,,0.0,4,-0.5,0.314,88,0.88,0.28600000000000003,0.33299999999999996,0.381,0.25,0.25,0,0.0,0,0.0,0.455,0.273,0.273,0.22699999999999998,0.455,0.318,-0.22,-0.71,0.49,-1.94,-0.19,0.97,0.73,1,-0.15,-0.07,94,140,85,86,105,134,88,132,78,107,112,79,109,22,87.8,100.2,107.4,16.4,2,0.091,8,0.364,0.249,0.463,0.33,0.29,0.75,0.516,0.556,0.778,0.7140000000000001,0.49200000000000005,24.0
83,2019,WSN,27,240,566,137,89,27,2,19,78,59,8,154,5,4,9,10,4,0,0.242,0.092,0.24,0.38,0.317,0.398,0.715,0.155,3.9,0.297,,,,0.5,70,-10.5,0.302,82,0.92,0.215,0.376,0.41,0.149,0.113,11,0.071,1,0.067,0.386,0.353,0.261,0.2,0.504,0.29600000000000004,0.81,-9.83,10.63,-0.18,-0.02,0.89,0.87,22,-0.38,1.29,104,110,94,96,89,83,99,99,88,116,95,102,105,425,89.7,103.9,113.0,15.2,34,0.08,157,0.369,0.236,0.425,0.314,0.309,0.611,0.45799999999999996,0.557,0.855,0.753,0.494,25.0
84,2019,STL,19,137,298,60,35,19,1,5,32,23,5,95,4,2,2,5,4,1,0.201,0.07,0.289,0.24,0.266,0.322,0.588,0.121,4.5,0.275,,,,0.2,21,-20.0,0.249,54,1.19,0.20199999999999999,0.433,0.365,0.149,0.068,3,0.034,0,0.0,0.406,0.348,0.24600000000000002,0.193,0.536,0.271,-1.36,-5.74,4.37,-10.28,-1.07,0.98,1.2,17,-1.34,-0.05,79,132,78,80,72,65,92,93,101,103,100,101,99,207,87.6,104.1,113.9,14.8,11,0.053,66,0.319,0.21,0.339,0.261,0.348,0.604,0.467,0.5770000000000001,0.828,0.728,0.466,23.8
85,2018,BOS,35,230,501,121,78,25,1,17,84,59,7,120,6,3,2,7,7,3,0.242,0.10300000000000001,0.21,0.49,0.327,0.397,0.724,0.156,4.4,0.283,,,,-0.2,66,-1.1,0.313,92,1.25,0.175,0.45799999999999996,0.366,0.107,0.121,12,0.069,1,0.25,0.42700000000000005,0.33899999999999997,0.233,0.166,0.495,0.33899999999999997,1.33,-9.06,10.39,18.04,1.85,0.93,1.63,19,0.11,1.32,124,96,97,103,95,93,96,83,108,101,104,99,94,386,89.7,104.2,115.7,11.6,33,0.085,153,0.396,0.245,0.432,0.334,0.254,0.638,0.44799999999999995,0.57,0.843,0.767,0.505,25.4
86,2018,CLE,45,44,90,13,10,1,0,2,6,6,0,30,0,1,1,2,0,0,0.144,0.061,0.306,0.2,0.196,0.222,0.418,0.078,1.0,0.186,,,,0.0,2,-9.8,0.188,13,1.13,0.19699999999999998,0.426,0.377,0.043,0.087,1,0.038,0,0.0,0.355,0.40299999999999997,0.242,0.19399999999999998,0.46799999999999997,0.33899999999999997,-0.85,-1.59,0.74,-7.44,-0.77,0.8,0.58,2,-0.63,-0.43,74,140,58,61,53,47,63,93,101,104,86,118,98,62,89.5,104.4,109.6,13.8,2,0.032,25,0.40299999999999997,0.216,0.347,0.272,0.349,0.6729999999999999,0.522,0.537,0.845,0.7490000000000001,0.534,25.6
87,2018,NYY,66,80,160,35,24,4,1,6,21,19,0,37,1,3,1,4,1,0,0.219,0.10300000000000001,0.201,0.51,0.301,0.369,0.669,0.15,4.2,0.242,,,,0.1,18,-3.3,0.293,83,1.76,0.19,0.516,0.294,0.054000000000000006,0.162,7,0.10800000000000001,0,0.0,0.433,0.315,0.252,0.22,0.535,0.244,-0.56,-2.75,2.19,-2.7,-0.27,0.85,0.34,2,-0.53,-0.13,124,92,88,94,89,90,82,90,122,81,105,92,102,127,90.8,109.3,117.4,6.7,11,0.087,52,0.409,0.252,0.473,0.348,0.27899999999999997,0.701,0.478,0.536,0.805,0.722,0.47100000000000003,26.0
88,2018,OAK,9,16,33,5,4,0,0,1,2,5,0,13,0,0,0,0,0,0,0.152,0.132,0.342,0.38,0.263,0.242,0.506,0.091,0.2,0.211,,,,0.0,2,-2.4,0.237,50,1.67,0.2,0.5,0.3,0.0,0.16699999999999998,1,0.1,0,0.0,0.45,0.25,0.3,0.1,0.55,0.35,-0.35,-0.69,0.34,-2.72,-0.27,0.94,0.17,1,-0.21,-0.16,159,157,61,83,58,54,72,94,118,82,110,73,121,20,94.1,107.4,109.4,7.4,1,0.05,12,0.6,0.24,0.326,0.301,0.19399999999999998,0.634,0.429,0.5710000000000001,0.846,0.7879999999999999,0.532,23.0
89,2018,ATL,47,66,123,19,16,1,0,2,8,9,1,32,1,0,1,1,0,1,0.154,0.067,0.239,0.28,0.218,0.211,0.429,0.057,1.5,0.191,,,,-0.5,2,-13.2,0.194,14,1.48,0.154,0.505,0.341,0.226,0.065,4,0.087,0,0.0,0.391,0.402,0.207,0.239,0.489,0.272,-0.55,-1.92,1.37,-8.37,-0.93,0.77,1.03,9,-1.3,0.59,75,111,61,67,51,35,64,70,117,98,97,116,82,92,87.5,103.5,110.8,14.6,3,0.033,26,0.28300000000000003,0.204,0.303,0.251,0.287,0.711,0.503,0.662,0.78,0.747,0.509,24.2
90,2018,CHC,47,23,43,6,5,1,0,0,1,5,1,16,0,0,1,1,2,0,0.14,0.1,0.32,0.31,0.229,0.163,0.392,0.023,4.0,0.222,,,,0.4,0,-5.7,0.179,8,2.5,0.222,0.556,0.222,0.16699999999999998,0.0,0,0.0,0,0.0,0.321,0.46399999999999997,0.214,0.214,0.5710000000000001,0.214,-1.01,-1.92,0.91,-5.24,-0.55,2.07,3.74,5,-0.51,0.02,111,148,55,70,39,14,74,102,128,64,80,134,85,29,87.6,102.3,106.2,6.9,0,0.0,10,0.345,0.183,0.23,0.225,0.32299999999999995,0.614,0.462,0.484,0.759,0.659,0.478,25.1
91,2018,COL,5,72,144,25,19,5,1,0,4,11,0,43,0,2,0,1,1,2,0.174,0.07,0.27399999999999997,0.26,0.229,0.222,0.452,0.049,2.4,0.243,,,,-0.7,4,-14.1,0.205,13,1.69,0.243,0.47600000000000003,0.282,0.069,0.0,3,0.061,0,0.0,0.495,0.301,0.204,0.165,0.495,0.34,-1.9,-4.23,2.34,-17.37,-1.71,1.39,1.57,8,-1.59,0.23,78,127,68,70,53,30,81,111,110,81,123,87,81,103,88.3,103.8,112.8,7.3,2,0.019,33,0.32,0.195,0.269,0.236,0.33899999999999997,0.636,0.483,0.524,0.818,0.7120000000000001,0.48700000000000004,24.2
92,2018,HOU,105,127,273,71,41,16,0,14,42,39,4,67,8,0,1,4,3,3,0.26,0.121,0.209,0.58,0.369,0.473,0.841,0.212,2.5,0.297,,,,-0.8,50,12.2,0.362,134,1.05,0.196,0.41200000000000003,0.392,0.05,0.175,5,0.06,1,0.33299999999999996,0.45899999999999996,0.271,0.271,0.179,0.565,0.256,0.05,-6.21,6.26,6.73,0.63,1.09,1.15,10,1.34,-1.29,146,96,104,116,113,127,101,92,97,108,112,79,109,207,87.2,102.9,108.5,12.6,11,0.053,66,0.319,0.235,0.369,0.319,0.281,0.636,0.451,0.617,0.862,0.7829999999999999,0.48100000000000004,27.7
93,2018,LAD,122,279,546,112,76,15,2,19,59,67,5,173,7,3,4,12,13,4,0.205,0.107,0.276,0.39,0.299,0.344,0.643,0.139,4.2,0.261,,,,0.6,56,-16.8,0.283,78,1.07,0.17800000000000002,0.426,0.396,0.156,0.129,6,0.038,1,0.111,0.434,0.33899999999999997,0.226,0.187,0.516,0.297,-1.62,-13.07,11.45,-13.32,-1.42,1.15,1.49,46,-1.43,0.01,119,128,81,91,83,85,87,81,98,114,108,98,90,380,88.9,104.5,115.6,15.2,31,0.08199999999999999,137,0.361,0.204,0.349,0.287,0.273,0.627,0.451,0.531,0.82,0.732,0.502,25.7
94,2018,MIL,31,174,349,84,51,22,1,10,37,38,8,104,1,1,0,6,8,3,0.241,0.09699999999999999,0.267,0.37,0.316,0.395,0.712,0.155,4.1,0.314,,,,0.2,42,-3.7,0.303,88,1.59,0.21600000000000003,0.48200000000000004,0.302,0.068,0.135,6,0.051,1,1.0,0.42700000000000005,0.33299999999999996,0.24,0.163,0.504,0.33299999999999996,-1.1,-6.91,5.81,-7.7,-0.86,0.95,1.1,25,-0.27,-0.88,109,124,95,97,95,95,104,99,111,87,106,96,96,247,89.5,105.9,113.2,9.3,19,0.077,93,0.377,0.238,0.378,0.299,0.325,0.6659999999999999,0.501,0.519,0.836,0.736,0.515,25.4
95,2017,BOS,35,61,137,39,27,7,0,5,18,12,0,33,0,1,0,3,2,0,0.285,0.08,0.22,0.36,0.34,0.445,0.785,0.161,3.6,0.34,,,,0.3,20,2.0,0.337,106,1.45,0.22899999999999998,0.457,0.314,0.182,0.152,1,0.021,0,0.0,0.47600000000000003,0.324,0.2,0.19,0.467,0.34299999999999997,-0.26,-2.66,2.41,-0.04,-0.05,0.95,0.46,3,-0.11,-0.16,95,103,111,105,104,92,114,113,106,86,117,94,81,105,86.2,104.0,107.2,9.5,5,0.048,33,0.314,0.234,0.368,0.294,0.306,0.657,0.48200000000000004,0.581,0.871,0.779,0.502,25.5
96,2017,CLE,45,84,164,28,20,2,1,5,18,18,3,61,3,1,1,4,1,0,0.171,0.096,0.326,0.3,0.263,0.287,0.55,0.116,4.2,0.232,,,,0.1,10,-12.7,0.241,40,1.22,0.204,0.43700000000000006,0.359,0.081,0.135,4,0.08900000000000001,0,0.0,0.419,0.41,0.171,0.162,0.47600000000000003,0.36200000000000004,-1.01,-4.25,3.24,-5.8,-0.59,1.21,1.41,5,-0.88,0.05,114,153,67,81,67,67,78,100,101,99,103,118,69,105,89.3,103.6,107.7,11.7,6,0.057,36,0.34299999999999997,0.21,0.365,0.286,0.315,0.637,0.48100000000000004,0.513,0.815,0.72,0.517,24.7
97,2017,MIN,12,18,35,9,6,1,0,2,4,4,0,13,0,0,0,1,1,0,0.257,0.10300000000000001,0.33299999999999996,0.31,0.333,0.457,0.79,0.2,3.7,0.35,,,,0.2,5,0.6,0.339,116,0.7,0.22699999999999998,0.318,0.455,0.1,0.2,1,0.14300000000000002,0,0.0,0.409,0.273,0.318,0.273,0.455,0.273,0.0,-0.64,0.64,-0.58,-0.06,0.97,0.12,1,0.03,-0.04,122,157,100,103,106,115,118,112,74,125,101,79,128,22,89.5,104.1,105.4,18.7,2,0.091,8,0.364,0.227,0.412,0.311,0.36700000000000005,0.62,0.503,0.621,0.789,0.733,0.5379999999999999,24.2
98,2017,NYY,66,174,426,89,54,18,1,16,51,45,4,139,3,2,1,6,1,3,0.209,0.094,0.29100000000000004,0.32,0.288,0.369,0.656,0.16,2.4,0.267,,,,-1.3,43,-15.4,0.282,73,1.03,0.209,0.401,0.39,0.063,0.14300000000000002,11,0.096,1,0.33299999999999996,0.441,0.37200000000000005,0.18600000000000003,0.214,0.469,0.317,-0.9,-7.95,7.05,-6.77,-0.74,0.88,1.28,5,-0.9,-0.13,112,137,82,89,86,92,90,103,93,107,109,108,75,291,85.7,103.4,116.3,13.2,23,0.079,93,0.32,0.222,0.393,0.299,0.301,0.628,0.46,0.528,0.823,0.7240000000000001,0.48700000000000004,24.7
99,2017,ARI,21,62,136,35,20,2,4,9,22,11,2,39,1,0,1,4,0,0,0.257,0.07400000000000001,0.262,0.28,0.318,0.529,0.847,0.272,4.2,0.295,,,,-0.1,22,3.4,0.349,110,1.32,0.168,0.474,0.358,0.147,0.265,2,0.044000000000000004,2,0.667,0.408,0.316,0.276,0.19399999999999998,0.337,0.469,-0.25,-2.22,1.97,4.57,0.47,0.75,0.68,10,0.51,-0.84,82,125,98,95,121,155,97,82,107,102,103,90,109,98,87.4,104.0,114.6,11.8,7,0.071,38,0.38799999999999996,0.225,0.382,0.287,0.293,0.67,0.501,0.5,0.8320000000000001,0.745,0.552,24.5
100,2017,CHC,47,153,304,51,32,10,0,9,25,23,2,105,6,0,4,7,3,0,0.168,0.068,0.311,0.22,0.24,0.289,0.53,0.122,3.1,0.221,,,,0.5,16,-25.2,0.233,38,1.44,0.204,0.469,0.327,0.094,0.141,3,0.033,1,0.14300000000000002,0.45299999999999996,0.325,0.222,0.138,0.522,0.34,-1.13,-5.57,4.44,-18.12,-1.91,0.88,0.89,12,-1.74,0.46,76,148,64,72,66,69,72,99,106,93,114,93,87,204,86.3,103.9,114.8,11.3,8,0.039,46,0.225,0.208,0.34,0.267,0.376,0.644,0.51,0.611,0.784,0.72,0.501,23.7
101,2017,COL,5,20,38,13,8,3,0,2,8,1,0,6,0,0,1,1,0,0,0.342,0.025,0.15,0.17,0.359,0.579,0.938,0.237,2.6,0.367,,,,0.0,7,2.1,0.394,132,1.6,0.188,0.5,0.313,0.0,0.2,0,0.0,0,0.0,0.33299999999999996,0.455,0.212,0.061,0.424,0.515,-0.03,-0.71,0.68,3.04,0.29,0.92,0.98,3,0.16,-0.2,28,71,131,108,132,135,120,91,113,89,84,130,84,33,88.4,105.8,111.5,6.5,3,0.091,14,0.424,0.333,0.592,0.396,0.32899999999999996,0.737,0.537,0.45799999999999996,0.8390000000000001,0.725,0.51,25.0
102,2017,HOU,105,248,605,145,84,33,1,27,78,60,8,129,6,2,1,16,4,1,0.24,0.08900000000000001,0.191,0.47,0.314,0.431,0.745,0.192,2.9,0.262,,,,0.0,79,-3.5,0.315,98,0.99,0.204,0.396,0.4,0.121,0.142,15,0.08,0,0.0,0.415,0.374,0.21100000000000002,0.177,0.466,0.35700000000000004,1.84,-10.41,12.26,1.88,0.24,0.88,0.71,12,1.13,0.96,106,90,94,97,100,110,88,101,91,110,102,108,85,480,87.9,104.4,111.9,14.3,35,0.073,165,0.344,0.255,0.442,0.329,0.294,0.6409999999999999,0.46299999999999997,0.655,0.893,0.816,0.488,24.8
103,2017,LAD,122,246,496,120,69,23,5,23,82,65,3,133,9,4,5,10,6,5,0.242,0.11199999999999999,0.23,0.49,0.338,0.448,0.786,0.206,4.9,0.282,,,,-1.3,77,6.9,0.336,109,1.03,0.21899999999999997,0.396,0.385,0.115,0.165,8,0.055999999999999994,0,0.0,0.42200000000000004,0.32,0.258,0.185,0.473,0.341,2.17,-9.79,11.96,19.36,2.09,1.0,0.98,27,0.85,1.31,125,109,93,101,102,117,92,107,90,109,107,91,102,372,88.2,103.3,114.8,13.3,24,0.065,133,0.358,0.244,0.418,0.33,0.231,0.629,0.431,0.535,0.861,0.774,0.504,25.1
104,2017,WSN,27,74,161,30,18,6,0,6,20,25,2,41,2,1,1,2,3,0,0.186,0.132,0.21600000000000003,0.61,0.302,0.335,0.637,0.149,3.9,0.209,,,,0.5,16,-6.7,0.28,67,1.13,0.2,0.425,0.375,0.067,0.133,3,0.059000000000000004,1,0.5,0.32799999999999996,0.35200000000000004,0.32,0.172,0.41,0.418,-0.52,-4.1,3.58,-2.13,-0.22,1.22,1.45,8,-0.65,0.22,146,103,71,90,77,85,68,97,96,106,83,101,126,122,86.9,105.5,112.6,11.5,6,0.049,35,0.287,0.231,0.408,0.316,0.302,0.615,0.461,0.625,0.784,0.733,0.508,24.6
105,2016,BAL,6,17,37,4,3,0,0,1,2,1,0,12,0,0,0,0,1,0,0.108,0.026000000000000002,0.316,0.08,0.132,0.189,0.321,0.081,4.8,0.125,,,,0.2,-1,-5.6,0.141,-15,2.5,0.16,0.6,0.24,0.16699999999999998,0.16699999999999998,0,0.0,0,0.0,0.44,0.32,0.24,0.4,0.4,0.2,-0.68,-1.05,0.37,-3.47,-0.36,1.23,1.31,1,-0.52,-0.04,33,153,42,41,45,49,42,78,136,67,108,94,96,25,83.3,102.3,110.7,-1.9,1,0.04,7,0.28,0.183,0.271,0.207,0.35,0.5760000000000001,0.452,0.5,0.868,0.7120000000000001,0.452,20.7
106,2016,BOS,35,47,98,21,11,7,0,3,7,8,0,31,1,1,0,2,0,0,0.214,0.07400000000000001,0.287,0.26,0.278,0.378,0.655,0.163,0.5,0.277,,,,0.0,10,-3.1,0.284,70,1.0,0.235,0.382,0.382,0.077,0.115,0,0.0,0,0.0,0.5,0.309,0.191,0.11800000000000001,0.368,0.515,-0.87,-2.58,1.7,-6.32,-0.66,1.24,1.39,3,-0.5,-0.2,92,139,83,86,89,98,93,115,87,108,122,91,76,68,89.5,107.0,110.8,17.8,4,0.059000000000000004,16,0.235,0.2,0.369,0.273,0.253,0.601,0.42,0.5,0.843,0.736,0.479,22.4
107,2016,CLE,45,228,477,106,69,19,0,18,54,39,2,138,6,2,8,7,7,4,0.222,0.073,0.259,0.28,0.288,0.375,0.663,0.153,3.1,0.272,,,,-0.5,49,-13.4,0.288,74,1.18,0.23399999999999999,0.414,0.35200000000000004,0.126,0.151,10,0.071,1,0.091,0.40700000000000003,0.327,0.266,0.183,0.504,0.312,-0.46,-7.72,7.26,-9.26,-0.96,0.81,0.7,16,-0.77,0.21,91,126,86,90,89,92,91,114,94,99,99,96,107,349,89.0,105.2,112.9,12.2,28,0.08,122,0.35,0.245,0.416,0.317,0.289,0.613,0.444,0.564,0.83,0.7390000000000001,0.478,23.0
108,2016,TEX,25,46,103,21,14,4,1,2,10,7,0,22,0,0,0,1,1,1,0.204,0.064,0.2,0.32,0.255,0.32,0.575,0.117,4.3,0.241,,,,-0.3,7,-6.0,0.252,46,0.94,0.185,0.395,0.42,0.20600000000000002,0.059000000000000004,2,0.063,0,0.0,0.40700000000000003,0.38299999999999995,0.21,0.222,0.444,0.33299999999999996,-0.6,-2.14,1.53,-4.69,-0.45,1.02,0.74,2,-0.69,0.1,79,97,79,79,76,70,81,91,90,118,100,112,84,81,88.3,105.1,112.1,13.8,5,0.062,23,0.284,0.222,0.348,0.271,0.319,0.642,0.489,0.672,0.831,0.782,0.526,22.9
109,2016,TOR,44,134,305,70,44,11,3,12,35,25,4,79,1,1,0,11,2,0,0.23,0.075,0.23800000000000002,0.32,0.289,0.403,0.692,0.174,4.6,0.27,,,,0.3,33,-6.5,0.294,82,1.15,0.218,0.418,0.364,0.207,0.146,1,0.011000000000000001,0,0.0,0.38299999999999995,0.366,0.251,0.18899999999999997,0.414,0.396,-1.17,-6.62,5.45,-7.16,-0.79,1.05,1.48,11,-0.58,-0.53,94,115,89,90,95,104,90,107,95,102,94,107,100,227,87.8,103.6,109.7,14.2,12,0.053,79,0.348,0.215,0.36,0.276,0.247,0.59,0.445,0.504,0.81,0.738,0.5770000000000001,22.8
110,2016,CHC,47,264,587,137,83,31,3,20,75,46,5,152,6,5,1,8,11,1,0.233,0.071,0.23600000000000002,0.3,0.293,0.399,0.692,0.165,5.2,0.279,,,,1.5,64,-12.4,0.296,81,0.88,0.23600000000000002,0.358,0.406,0.158,0.113,15,0.096,3,0.6,0.42200000000000004,0.358,0.22,0.175,0.465,0.361,0.63,-9.99,10.62,5.42,0.65,0.92,1.29,27,0.35,0.34,83,115,90,89,94,100,91,111,80,119,108,102,85,441,88.4,104.5,112.7,16.7,33,0.075,150,0.34,0.245,0.431,0.315,0.316,0.645,0.483,0.573,0.8390000000000001,0.753,0.507,25.6
111,2016,LAD,122,188,350,76,56,9,1,10,36,37,4,86,9,1,3,9,9,0,0.217,0.092,0.214,0.43,0.307,0.334,0.642,0.117,4.8,0.259,,,,1.6,35,-11.8,0.283,76,1.38,0.225,0.45,0.326,0.11900000000000001,0.11900000000000001,7,0.06,1,0.1,0.377,0.358,0.265,0.168,0.466,0.366,-0.62,-6.89,6.27,-8.1,-0.85,0.97,1.29,34,-0.3,-0.34,107,105,83,93,79,71,85,106,101,95,97,102,103,269,88.4,104.5,110.5,10.5,15,0.055999999999999994,88,0.327,0.236,0.396,0.314,0.293,0.633,0.45399999999999996,0.47700000000000004,0.8540000000000001,0.726,0.47200000000000003,23.9
112,2016,WSN,27,88,167,42,31,7,0,4,24,22,2,63,5,3,0,1,8,1,0.251,0.11199999999999999,0.32,0.35,0.35,0.365,0.716,0.114,4.9,0.369,,,,1.1,23,-0.4,0.315,94,0.72,0.302,0.292,0.406,0.233,0.09300000000000001,2,0.065,0,0.0,0.39299999999999996,0.34600000000000003,0.262,0.20600000000000002,0.41100000000000003,0.38299999999999995,-0.3,-4.71,4.41,3.87,0.45,1.41,1.9,12,0.09,-0.3,129,156,97,106,86,69,121,142,65,119,101,98,102,107,90.3,105.7,112.7,21.1,8,0.075,35,0.327,0.235,0.399,0.334,0.268,0.6829999999999999,0.48,0.44299999999999995,0.777,0.685,0.51,28.2
113,2016,NYM,31,13,30,4,3,1,0,0,0,2,1,6,0,0,0,1,0,0,0.133,0.063,0.188,0.33,0.188,0.167,0.354,0.033,0.1,0.167,,,,0.0,-1,-4.6,0.147,-9,0.57,0.083,0.33299999999999996,0.583,0.14300000000000002,0.0,0,0.0,0,0.0,0.33299999999999996,0.375,0.292,0.16699999999999998,0.625,0.20800000000000002,-0.54,-0.79,0.25,-3.75,-0.44,1.19,1.53,2,-0.42,-0.03,72,91,51,57,39,20,55,39,75,171,85,106,113,24,87.1,100.6,104.6,22.4,0,0.0,5,0.20800000000000002,0.157,0.26,0.194,0.33899999999999997,0.679,0.504,0.75,0.8420000000000001,0.81,0.48700000000000004,24.4
114,2016,SFG,10,72,173,41,28,10,2,1,16,12,1,41,0,4,2,2,2,3,0.237,0.063,0.214,0.29,0.28,0.335,0.616,0.098,4.2,0.296,,,,-0.9,14,-8.7,0.265,63,1.84,0.19399999999999998,0.522,0.284,0.026000000000000002,0.026000000000000002,3,0.043,1,0.25,0.319,0.384,0.297,0.159,0.5,0.341,-0.38,-4.19,3.81,-4.0,-0.39,1.29,1.22,9,-0.8,0.5,72,104,91,85,79,60,97,91,117,83,82,109,115,139,87.6,103.4,108.0,6.6,12,0.086,46,0.331,0.254,0.445,0.324,0.322,0.674,0.493,0.6609999999999999,0.8420000000000001,0.7809999999999999,0.486,25.7
115,2015,KCR,22,173,562,146,100,26,3,17,90,44,6,108,7,10,4,8,14,3,0.26,0.07,0.172,0.41,0.316,0.407,0.724,0.148,5.8,0.289,,,,1.3,69,-1.3,0.311,94,1.34,0.201,0.457,0.342,0.146,0.10800000000000001,18,0.085,2,0.33299999999999996,0.37799999999999995,0.387,0.235,0.175,0.45299999999999996,0.37200000000000005,2.05,-10.54,12.59,21.4,2.25,1.08,1.67,6,0.8,1.09,91,87,101,99,99,94,97,98,103,98,93,112,95,468,89.5,105.5,112.3,11.0,37,0.079,183,0.391,0.263,0.445,0.337,0.33,0.662,0.493,0.653,0.878,0.8009999999999999,0.49,24.8
116,2015,NYY,66,10,30,3,3,0,0,0,0,2,0,10,0,0,0,0,0,0,0.1,0.063,0.313,0.2,0.156,0.1,0.256,0.0,0.1,0.15,,,,0.0,-1,-4.8,0.126,-23,1.25,0.1,0.5,0.4,0.125,0.0,0,0.0,0,0.0,0.25,0.5,0.25,0.1,0.55,0.35,-0.51,-0.67,0.16,-4.45,-0.46,0.97,0.31,1,-0.49,-0.02,81,158,39,49,24,0,51,49,113,114,62,144,101,20,86.5,102.0,105.2,6.7,1,0.05,6,0.3,0.145,0.266,0.212,0.233,0.5710000000000001,0.38,0.41200000000000003,0.9690000000000001,0.7759999999999999,0.434,22.9
117,2015,TEX,25,58,184,40,31,6,0,3,19,9,0,39,2,1,2,2,1,2,0.217,0.045,0.19699999999999998,0.23,0.26,0.299,0.559,0.082,2.5,0.259,,,,-0.7,12,-10.3,0.248,48,1.45,0.16699999999999998,0.493,0.34,0.102,0.061,5,0.07,0,0.0,0.35100000000000003,0.405,0.243,0.155,0.5,0.345,-0.61,-3.62,3.01,-6.62,-0.65,1.01,0.82,5,-0.84,0.23,59,99,85,82,72,52,87,81,111,97,86,117,98,148,87.3,102.9,112.9,7.9,5,0.034,48,0.324,0.23,0.361,0.28,0.24600000000000002,0.616,0.45,0.6459999999999999,0.83,0.785,0.552,22.8
118,2015,TOR,44,118,381,88,51,23,0,14,52,39,3,91,4,0,3,8,9,1,0.231,0.091,0.213,0.43,0.309,0.402,0.711,0.171,4.4,0.268,,,,1.2,46,-1.5,0.31,93,1.24,0.185,0.451,0.364,0.135,0.135,13,0.10099999999999999,2,0.28600000000000003,0.37200000000000005,0.382,0.24600000000000002,0.184,0.451,0.365,-0.34,-7.78,7.44,1.19,0.1,1.03,1.66,6,0.14,-0.47,119,108,90,97,97,108,91,90,102,104,92,110,99,293,88.5,106.7,115.6,12.2,25,0.085,109,0.37200000000000005,0.236,0.428,0.324,0.28,0.619,0.451,0.583,0.856,0.772,0.505,24.5
119,2015,CHC,47,108,284,58,33,7,2,16,32,26,3,85,2,0,3,4,6,1,0.204,0.083,0.27,0.31,0.276,0.412,0.688,0.208,5.1,0.23,,,,0.7,30,-5.0,0.296,84,1.37,0.218,0.452,0.33,0.138,0.24600000000000002,4,0.045,2,0.4,0.436,0.35600000000000004,0.20800000000000002,0.183,0.406,0.41100000000000003,-0.01,-4.17,4.15,-3.57,-0.43,0.71,0.56,17,0.03,-0.05,104,135,78,85,101,139,75,102,99,100,114,100,79,202,87.9,105.8,112.5,11.5,20,0.099,67,0.332,0.221,0.42,0.309,0.256,0.636,0.44799999999999995,0.519,0.8059999999999999,0.7240000000000001,0.503,22.4
120,2015,HOU,105,71,194,43,26,6,0,11,24,21,2,67,1,0,0,5,3,1,0.222,0.09699999999999999,0.31,0.31,0.301,0.423,0.724,0.201,3.1,0.276,,,,0.1,25,0.5,0.313,103,0.92,0.21,0.379,0.41100000000000003,0.11800000000000001,0.21600000000000003,1,0.021,1,0.33299999999999996,0.457,0.354,0.18899999999999997,0.22,0.331,0.449,-0.05,-3.36,3.31,-1.93,-0.2,0.83,1.25,8,0.14,-0.2,126,157,87,95,102,128,93,102,85,118,112,102,76,127,88.0,106.0,112.2,14.5,16,0.126,48,0.37799999999999995,0.221,0.428,0.317,0.33,0.674,0.49200000000000005,0.58,0.804,0.725,0.47100000000000003,23.6
121,2015,LAD,122,62,168,40,28,10,0,2,18,13,3,54,0,0,2,4,3,0,0.238,0.071,0.295,0.24,0.293,0.333,0.626,0.095,4.1,0.339,,,,0.5,14,-6.3,0.271,72,1.2,0.325,0.368,0.307,0.171,0.057,1,0.024,0,0.0,0.336,0.32799999999999996,0.336,0.21600000000000003,0.353,0.431,-0.42,-3.33,2.91,-0.71,-0.07,1.06,1.02,11,-0.41,0.01,89,148,91,90,81,64,111,152,81,93,88,92,128,116,87.3,102.6,108.7,14.2,4,0.034,38,0.32799999999999996,0.226,0.322,0.263,0.307,0.674,0.506,0.42,0.8240000000000001,0.713,0.544,23.6
122,2015,NYM,31,157,470,103,68,14,1,20,62,40,4,140,4,7,6,9,10,4,0.219,0.076,0.266,0.29,0.282,0.381,0.663,0.162,4.4,0.262,,,,0.2,47,-12.0,0.286,82,1.18,0.22699999999999998,0.418,0.355,0.11800000000000001,0.168,14,0.1,1,0.125,0.429,0.327,0.245,0.195,0.46399999999999997,0.341,0.44,-7.78,8.22,4.74,0.59,0.85,0.72,18,0.48,0.03,96,133,84,87,93,108,86,106,92,107,112,92,93,343,85.6,102.8,113.5,12.8,27,0.079,97,0.28300000000000003,0.224,0.392,0.296,0.29100000000000004,0.617,0.455,0.594,0.848,0.768,0.503,24.0
123,2015,PIT,1,13,30,5,5,0,0,0,0,0,0,11,2,0,0,2,0,0,0.167,0.0,0.344,0.0,0.219,0.167,0.385,0.0,0.1,0.263,,,,0.0,0,-3.3,0.183,18,2.75,0.21100000000000002,0.579,0.21100000000000002,0.0,0.0,1,0.091,0,0.0,0.263,0.368,0.368,0.053,0.316,0.632,-0.31,-0.53,0.21,-3.9,-0.44,0.75,0.64,4,-0.35,-0.07,0,172,64,67,41,0,86,98,127,64,69,103,141,19,91.6,106.6,109.4,9.9,0,0.0,7,0.368,0.23,0.283,0.256,0.35600000000000004,0.648,0.496,0.429,0.8859999999999999,0.7140000000000001,0.478,24.7
124,2015,STL,19,49,133,28,15,5,0,8,17,7,0,48,1,0,0,0,0,0,0.211,0.05,0.34,0.15,0.255,0.429,0.684,0.218,1.6,0.26,,,,0.0,14,-2.1,0.295,87,1.06,0.2,0.41200000000000003,0.38799999999999996,0.0,0.242,2,0.057,0,0.0,0.435,0.282,0.282,0.106,0.41200000000000003,0.48200000000000004,-0.24,-2.3,2.06,0.82,0.09,0.9,1.0,10,-0.02,-0.24,62,171,81,79,105,146,85,94,90,117,114,79,108,85,90.3,106.2,109.9,11.0,12,0.141,40,0.47100000000000003,0.24,0.493,0.334,0.324,0.647,0.496,0.341,0.85,0.695,0.5329999999999999,22.9
